,units
0,2.0
1,1.0
2,4.0
3,1.0
4,3.0
5,1.0
6,1.0
7,1.0
8,4.0
9,1.0
10,1.0
11,1.0
12,3.0
13,2.0
14,1.0
15,3.0
16,1.0
17,1.0
18,1.0
19,3.0
20,2.0
21,21.0
22,30.0
23,5.0
24,2.0
25,1.0
26,20.0
27,3.0
28,2.0
29,5.0
30,2.0
31,1.0
32,35.0
33,15.0
34,1.0
35,1.0
36,3.0
37,2.0
38,1.0
39,4.0
40,1.0
41,9.0
42,7.0
43,5.0
44,1.0
45,1.0
46,4.0
47,1.0
48,4.0
49,1.0
50,3.0
51,1.0
52,1.0
53,2.0
54,2.0
55,1.0
56,2.0
57,3.0
58,3.0
59,2.0
60,64.0
61,52.0
62,6.0
63,20.0
64,2.0
65,1.0
66,2.0
67,3.0
68,1.0
69,1.0
70,1.0
71,1.0
72,2.0
73,4.0
74,1.0
75,6.0
76,20.0
77,25.0
78,3.0
79,2.0
80,4.0
81,7.0
82,1.0
83,8.0
84,1.0
85,1.0
86,2.0
87,3.0
88,1.0
89,2.0
90,15.0
91,51.0
92,8.0
93,35.0
94,14.0
95,2.0
96,5.0
97,1.0
98,1.0
99,1.0
100,2.0
101,1.0
102,1.0
103,1.0
104,1.0
105,1.0
106,5.0
107,1.0
108,1.0
109,79.0
110,44.0
111,7.0
112,7.0
113,1.0
114,1.0
115,3.0
116,1.0
117,1.0
118,2.0
119,1.0
120,3.0
121,2.0
122,1.0
123,1.0
124,1.0
125,3.0
126,3.0
127,1.0
128,4.0
129,4.0
130,1.0
131,4.0
132,1.0
133,1.0
134,8.0
135,12.0
136,3.0
137,1.0
138,2.0
139,20.0
140,1.0
141,1.0
142,2.0
143,2.0
144,2.0
145,1.0
146,1.0
147,2.0
148,2.0
149,1.0
150,1.0
151,5.0
152,5.0
153,4.0
154,2.0
155,4.0
156,3.0
157,3.0
158,2.0
159,1.0
160,1.0
161,1.0
162,1.0
163,1.0
164,1.0
165,1.0
166,2.0
167,1.0
168,37.0
169,35.0
170,7.0
171,10.0
172,1.0
173,136.0
174,63.0
175,55.0
176,13.0
177,2.0
178,4.0
179,1.0
180,8.0
181,19.0
182,19.0
183,22.0
184,17.0
185,23.0
186,9.0
187,5.0
188,1.0
189,1.0
190,4.0
191,1.0
192,1.0
193,2.0
194,9.0
195,5.0
196,3.0
197,1.0
198,71.0
199,45.0
200,2.0
201,6.0
202,1.0
203,1.0
204,2.0
205,2.0
206,2.0
207,1.0
208,1.0
209,1.0
210,4.0
211,1.0
212,4.0
213,1.0
214,2.0
215,2.0
216,1.0
217,2.0
218,3.0
219,4.0
220,2.0
221,1.0
222,1.0
223,1.0
224,10.0
225,8.0
226,8.0
227,3.0
228,3.0
229,1.0
230,20.0
231,26.0
232,22.0
233,20.0
234,32.0
235,7.0
236,7.0
237,1.0
238,1.0
239,1.0
240,2.0
241,22.0
242,9.0
243,11.0
244,14.0
245,1.0
246,12.0
247,165.0
248,91.0
249,22.0
250,59.0
251,2.0
252,1.0
253,4.0
254,13.0
255,1.0
256,6.0
257,1.0
258,2.0
259,1.0
260,1.0
261,2.0
262,2.0
263,1.0
264,1.0
265,5.0
266,5.0
267,7.0
268,1.0
269,16.0
270,30.0
271,9.0
272,5.0
273,5.0
274,17.0
275,5.0
276,11.0
277,6.0
278,8.0
279,10.0
280,13.0
281,22.0
282,62.0
283,82.0
284,60.0
285,58.0
286,57.0
287,31.0
288,17.0
289,20.0
290,16.0
291,2.0
292,3.0
293,4.0
294,1.0
295,6.0
296,4.0
297,6.0
298,1.0
299,1.0
300,1.0
301,1.0
302,1.0
303,1.0
304,19.0
305,11.0
306,101.0
307,88.0
308,12.0
309,40.0
310,2.0
311,24.0
312,325.0
313,277.0
314,81.0
315,123.0
316,1.0
317,10.0
318,5.0
319,1.0
320,11.0
321,7.0
322,11.0
323,13.0
324,4.0
325,5.0
326,1.0
327,1.0
328,4.0
329,25.0
330,23.0
331,5.0
332,10.0
333,1.0
334,2.0
335,1.0
336,2.0
337,1.0
338,1.0
339,1.0
340,1.0
341,1.0
342,1.0
343,2.0
344,1.0
345,4.0
346,5.0
347,3.0
348,1.0
349,1.0
350,4.0
351,1.0
352,3.0
353,1.0
354,4.0
355,1.0
356,2.0
357,4.0
358,1.0
359,1.0
360,2.0
361,2.0
362,1.0
363,1.0
364,1.0
365,1.0
366,5.0
367,56.0
368,18.0
369,2.0
370,1.0
371,1.0
372,2.0
373,2.0
374,1.0
375,1.0
376,1.0
377,1.0
378,2.0
379,2.0
380,2.0
381,2.0
382,1.0
383,1.0
384,2.0
385,3.0
386,1.0
387,1.0
388,2.0
389,1.0
390,8.0
391,11.0
392,1.0
393,1.0
394,1.0
395,1.0
396,1.0
397,2.0
398,2.0
399,3.0
400,24.0
401,1.0
402,5.0
403,3.0
404,5.0
405,63.0
406,12.0
407,8.0
408,13.0
409,1.0
410,1.0
411,4.0
412,5.0
413,8.0
414,28.0
415,44.0
416,10.0
417,24.0
418,4.0
419,1.0
420,2.0
421,13.0
422,2.0
423,1.0
424,1.0
425,3.0
426,1.0
427,1.0
428,2.0
429,2.0
430,8.0
431,14.0
432,3.0
433,4.0
434,1.0
435,1.0
436,3.0
437,3.0
438,1.0
439,24.0
440,10.0
441,187.0
442,201.0
443,74.0
444,80.0
445,2.0
446,1.0
447,3.0
448,3.0
449,2.0
450,4.0
451,1.0
452,3.0
453,11.0
454,20.0
455,5.0
456,4.0
457,2.0
458,2.0
459,1.0
460,24.0
461,16.0
462,22.0
463,12.0
464,5.0
465,1.0
466,1.0
467,3.0
468,1.0
469,2.0
470,2.0
471,4.0
472,1.0
473,1.0
474,5.0
475,1.0
476,1.0
477,2.0
478,5.0
479,1.0
480,3.0
481,6.0
482,4.0
483,4.0
484,4.0
485,11.0
486,1.0
487,2.0
488,12.0
489,1.0
490,1.0
491,2.0
492,1.0
493,7.0
494,11.0
495,74.0
496,6.0
497,3.0
498,32.0
499,5.0
500,2.0
501,4.0
502,55.0
503,66.0
504,13.0
505,14.0
506,2.0
507,2.0
508,2.0
509,3.0
510,12.0
511,1.0
512,2.0
513,4.0
514,121.0
515,110.0
516,21.0
517,42.0
518,1.0
519,3.0
520,4.0
521,3.0
522,1.0
523,1.0
524,1.0
525,1.0
526,11.0
527,6.0
528,2.0
529,5.0
530,1.0
531,21.0
532,16.0
533,9.0
534,27.0
535,1.0
536,1.0
537,4.0
538,4.0
539,1.0
540,1.0
541,2.0
542,2.0
543,135.0
544,43.0
545,5.0
546,3.0
547,4.0
548,2.0
549,50.0
550,70.0
551,23.0
552,14.0
553,5.0
554,1.0
555,1.0
556,1.0
557,1.0
558,1.0
559,1.0
560,1.0
561,6.0
562,58.0
563,46.0
564,17.0
565,12.0
566,2.0
567,3.0
568,1.0
569,1.0
570,4.0
571,3.0
572,3.0
573,2.0
574,8.0
575,5.0
576,3.0
577,6.0
578,5.0
579,2.0
580,5.0
581,72.0
582,42.0
583,15.0
584,38.0
585,1.0
586,2.0
587,1.0
588,3.0
589,1.0
590,1.0
591,2.0
592,2.0
593,1.0
594,1.0
595,2.0
596,16.0
597,72.0
598,103.0
599,36.0
600,40.0
601,1.0
602,2.0
603,2.0
604,2.0
605,1.0
606,8.0
607,6.0
608,12.0
609,2.0
610,7.0
611,1.0
612,1.0
613,1.0
614,1.0
615,2.0
616,2.0
617,5.0
618,3.0
619,3.0
620,2.0
621,2.0
622,2.0
623,4.0
624,4.0
625,6.0
626,7.0
627,9.0
628,6.0
629,1.0
630,17.0
631,5.0
632,4.0
633,8.0
634,12.0
635,1.0
636,1.0
637,1.0
638,1.0
639,2.0
640,8.0
641,1.0
642,1.0
643,3.0
644,7.0
645,4.0
646,36.0
647,23.0
648,4.0
649,15.0
650,1.0
651,1.0
652,1.0
653,1.0
654,1.0
655,1.0
656,2.0
657,6.0
658,1.0
659,3.0
660,1.0
661,1.0
662,2.0
663,5.0
664,1.0
665,1.0
666,4.0
667,11.0
668,2.0
669,1.0
670,1.0
671,1.0
672,7.0
673,10.0
674,12.0
675,1.0
676,1.0
677,1.0
678,1.0
679,5.0
680,17.0
681,35.0
682,9.0
683,7.0
684,23.0
685,3.0
686,14.0
687,17.0
688,3.0
689,1.0
690,9.0
691,6.0
692,2.0
693,1.0
694,1.0
695,11.0
696,12.0
697,4.0
698,4.0
699,7.0
700,6.0
701,4.0
702,7.0
703,1.0
704,2.0
705,2.0
706,1.0
707,4.0
708,1.0
709,1.0
710,2.0
711,3.0
712,7.0
713,1.0
714,30.0
715,26.0
716,5.0
717,4.0
718,1.0
719,1.0
720,1.0
721,1.0
722,1.0
723,1.0
724,5.0
725,1.0
726,2.0
727,10.0
728,1.0
729,7.0
730,12.0
731,1.0
732,6.0
733,25.0
734,35.0
735,8.0
736,11.0
737,4.0
738,41.0
739,8.0
740,2.0
741,1.0
742,1.0
743,1.0
744,3.0
745,1.0
746,1.0
747,2.0
748,1.0
749,1.0
750,1.0
751,3.0
752,1.0
753,1.0
754,1.0
755,1.0
756,1.0
757,1.0
758,3.0
759,1.0
760,2.0
761,5.0
762,106.0
763,95.0
764,26.0
765,35.0
766,8.0
767,5.0
768,4.0
769,1.0
770,2.0
771,1.0
772,2.0
773,2.0
774,2.0
775,2.0
776,1.0
777,4.0
778,3.0
779,2.0
780,3.0
781,1.0
782,1.0
783,3.0
784,19.0
785,28.0
786,17.0
787,10.0
788,1.0
789,1.0
790,5.0
791,4.0
792,3.0
793,2.0
794,1.0
795,3.0
796,1.0
797,3.0
798,12.0
799,16.0
800,5.0
801,7.0
802,1.0
803,1.0
804,5.0
805,2.0
806,2.0
807,3.0
808,2.0
809,18.0
810,12.0
811,3.0
812,20.0
813,1.0
814,3.0
815,1.0
816,3.0
817,7.0
818,2.0
819,7.0
820,4.0
821,2.0
822,3.0
823,2.0
824,1.0
825,3.0
826,3.0
827,1.0
828,2.0
829,1.0
830,1.0
831,1.0
832,7.0
833,56.0
834,36.0
835,3.0
836,26.0
837,3.0
838,6.0
839,1.0
840,1.0
841,2.0
842,5.0
843,4.0
844,2.0
845,6.0
846,8.0
847,4.0
848,1.0
849,3.0
850,1.0
851,2.0
852,2.0
853,48.0
854,24.0
855,9.0
856,11.0
857,2.0
858,3.0
859,2.0
860,6.0
861,20.0
862,31.0
863,44.0
864,1.0
865,36.0
866,28.0
867,4.0
868,3.0
869,1.0
870,2.0
871,3.0
872,31.0
873,60.0
874,18.0
875,24.0
876,1.0
877,44.0
878,30.0
879,1.0
880,1.0
881,2.0
882,3.0
883,3.0
884,1.0
885,2.0
886,3.0
887,5.0
888,2.0
889,1.0
890,1.0
891,2.0
892,4.0
893,19.0
894,7.0
895,1.0
896,10.0
897,10.0
898,56.0
899,37.0
900,15.0
901,35.0
902,1.0
903,1.0
904,2.0
905,2.0
906,1.0
907,14.0
908,62.0
909,63.0
910,25.0
911,36.0
912,2.0
913,17.0
914,4.0
915,9.0
916,2.0
917,1.0
918,7.0
919,4.0
920,4.0
921,15.0
922,2.0
923,1.0
924,2.0
925,4.0
926,2.0
927,5.0
928,4.0
929,6.0
930,3.0
931,3.0
932,1.0
933,1.0
934,3.0
935,3.0
936,1.0
937,7.0
938,4.0
939,2.0
940,3.0
941,1.0
942,1.0
943,1.0
944,1.0
945,3.0
946,3.0
947,8.0
948,2.0
949,1.0
950,2.0
951,2.0
952,3.0
953,2.0
954,1.0
955,2.0
956,1.0
957,1.0
958,2.0
959,1.0
960,6.0
961,1.0
962,2.0
963,5.0
964,2.0
965,1.0
966,1.0
967,1.0
968,2.0
969,1.0
970,1.0
971,1.0
972,1.0
973,1.0
974,5.0
975,1.0
976,73.0
977,37.0
978,9.0
979,4.0
980,15.0
981,1.0
982,6.0
983,4.0
984,2.0
985,4.0
986,4.0
987,8.0
988,3.0
989,3.0
990,1.0
991,1.0
992,3.0
993,6.0
994,1.0
995,4.0
996,1.0
997,3.0
998,13.0
999,2.0
1000,4.0
1001,15.0
1002,8.0
1003,1.0
1004,1.0
1005,5.0
1006,35.0
1007,58.0
1008,19.0
1009,11.0
1010,3.0
1011,2.0
1012,1.0
1013,1.0
1014,3.0
1015,3.0
1016,3.0
1017,1.0
1018,2.0
1019,3.0
1020,1.0
1021,3.0
1022,2.0
1023,2.0
1024,3.0
1025,25.0
1026,24.0
1027,7.0
1028,1.0
1029,1.0
1030,1.0
1031,2.0
1032,1.0
1033,1.0
1034,1.0
1035,2.0
1036,5.0
1037,9.0
1038,20.0
1039,41.0
1040,22.0
1041,2.0
1042,19.0
1043,9.0
1044,7.0
1045,11.0
1046,3.0
1047,1.0
1048,14.0
1049,18.0
1050,1.0
1051,2.0
1052,6.0
1053,1.0
1054,1.0
1055,3.0
1056,35.0
1057,1.0
1058,1.0
1059,6.0
1060,2.0
1061,1.0
1062,3.0
1063,2.0
1064,3.0
1065,4.0
1066,4.0
1067,4.0
1068,2.0
1069,3.0
1070,2.0
1071,5.0
1072,1.0
1073,12.0
1074,8.0
1075,5.0
1076,2.0
1077,1.0
1078,3.0
1079,1.0
1080,2.0
1081,2.0
1082,3.0
1083,1.0
1084,2.0
1085,2.0
1086,3.0
1087,2.0
1088,2.0
1089,1.0
1090,1.0
1091,8.0
1092,2.0
1093,1.0
1094,1.0
1095,6.0
1096,22.0
1097,16.0
1098,9.0
1099,9.0
1100,1.0
1101,1.0
1102,3.0
1103,4.0
1104,13.0
1105,18.0
1106,5.0
1107,4.0
1108,3.0
1109,16.0
1110,9.0
1111,90.0
1112,56.0
1113,24.0
1114,21.0
1115,18.0
1116,17.0
1117,9.0
1118,12.0
1119,5.0
1120,1.0
1121,1.0
1122,8.0
1123,2.0
1124,1.0
1125,1.0
1126,6.0
1127,6.0
1128,1.0
1129,1.0
1130,1.0
1131,2.0
1132,1.0
1133,2.0
1134,2.0
1135,6.0
1136,44.0
1137,1.0
1138,3.0
1139,5.0
1140,2.0
1141,7.0
1142,8.0
1143,2.0
1144,3.0
1145,1.0
1146,2.0
1147,4.0
1148,5.0
1149,9.0
1150,7.0
1151,1.0
1152,3.0
1153,4.0
1154,4.0
1155,4.0
1156,5.0
1157,5.0
1158,6.0
1159,4.0
1160,5.0
1161,3.0
1162,1.0
1163,26.0
1164,2.0
1165,1.0
1166,2.0
1167,1.0
1168,2.0
1169,1.0
1170,1.0
1171,1.0
1172,1.0
1173,1.0
1174,4.0
1175,1.0
1176,3.0
1177,3.0
1178,1.0
1179,2.0
1180,1.0
1181,2.0
1182,2.0
1183,1.0
1184,2.0
1185,3.0
1186,4.0
1187,9.0
1188,6.0
1189,3.0
1190,1.0
1191,1.0
1192,6.0
1193,1.0
1194,3.0
1195,1.0
1196,9.0
1197,1.0
1198,7.0
1199,74.0
1200,3.0
1201,29.0
1202,24.0
1203,5.0
1204,3.0
1205,3.0
1206,1.0
1207,1.0
1208,1.0
1209,2.0
1210,3.0
1211,1.0
1212,1.0
1213,5.0
1214,1.0
1215,2.0
1216,2.0
1217,3.0
1218,1.0
1219,2.0
1220,2.0
1221,2.0
1222,2.0
1223,1.0
1224,1.0
1225,3.0
1226,1.0
1227,4.0
1228,1.0
1229,3.0
1230,1.0
1231,1.0
1232,3.0
1233,4.0
1234,2.0
1235,19.0
1236,29.0
1237,16.0
1238,14.0
1239,2.0
1240,2.0
1241,1.0
1242,5.0
1243,14.0
1244,18.0
1245,8.0
1246,14.0
1247,11.0
1248,10.0
1249,10.0
1250,7.0
1251,6.0
1252,1.0
1253,2.0
1254,2.0
1255,2.0
1256,2.0
1257,1.0
1258,1.0
1259,7.0
1260,11.0
1261,3.0
1262,2.0
1263,2.0
1264,1.0
1265,6.0
1266,1.0
1267,2.0
1268,1.0
1269,1.0
1270,6.0
1271,52.0
1272,58.0
1273,26.0
1274,17.0
1275,4.0
1276,1.0
1277,4.0
1278,43.0
1279,61.0
1280,13.0
1281,10.0
1282,2.0
1283,1.0
1284,3.0
1285,2.0
1286,1.0
1287,1.0
1288,1.0
1289,1.0
1290,1.0
1291,1.0
1292,15.0
1293,23.0
1294,3.0
1295,2.0
1296,1.0
1297,1.0
1298,1.0
1299,2.0
1300,2.0
1301,1.0
1302,1.0
1303,1.0
1304,1.0
1305,5.0
1306,2.0
1307,2.0
1308,3.0
1309,7.0
1310,8.0
1311,2.0
1312,3.0
1313,37.0
1314,45.0
1315,11.0
1316,144.0
1317,207.0
1318,52.0
1319,68.0
1320,2.0
1321,1.0
1322,4.0
1323,4.0
1324,9.0
1325,4.0
1326,9.0
1327,9.0
1328,9.0
1329,3.0
1330,2.0
1331,1.0
1332,1.0
1333,2.0
1334,2.0
1335,1.0
1336,5.0
1337,1.0
1338,1.0
1339,1.0
1340,1.0
1341,1.0
1342,1.0
1343,2.0
1344,2.0
1345,2.0
1346,2.0
1347,1.0
1348,85.0
1349,70.0
1350,21.0
1351,9.0
1352,4.0
1353,4.0
1354,5.0
1355,6.0
1356,13.0
1357,18.0
1358,19.0
1359,16.0
1360,7.0
1361,8.0
1362,17.0
1363,2.0
1364,1.0
1365,2.0
1366,1.0
1367,5.0
1368,5.0
1369,7.0
1370,6.0
1371,2.0
1372,4.0
1373,2.0
1374,1.0
1375,4.0
1376,3.0
1377,5.0
1378,1.0
1379,1.0
1380,2.0
1381,11.0
1382,11.0
1383,15.0
1384,5.0
1385,1.0
1386,4.0
1387,8.0
1388,1.0
1389,1.0
1390,1.0
1391,3.0
1392,1.0
1393,1.0
1394,10.0
1395,37.0
1396,2.0
1397,6.0
1398,3.0
1399,1.0
1400,2.0
1401,5.0
1402,7.0
1403,1.0
1404,1.0
1405,3.0
1406,3.0
1407,3.0
1408,1.0
1409,1.0
1410,1.0
1411,6.0
1412,36.0
1413,7.0
1414,12.0
1415,3.0
1416,1.0
1417,1.0
1418,9.0
1419,2.0
1420,1.0
1421,2.0
1422,2.0
1423,1.0
1424,7.0
1425,11.0
1426,9.0
1427,5.0
1428,4.0
1429,33.0
1430,23.0
1431,19.0
1432,1.0
1433,2.0
1434,3.0
1435,1.0
1436,1.0
1437,1.0
1438,1.0
1439,21.0
1440,3.0
1441,6.0
1442,1.0
1443,1.0
1444,3.0
1445,2.0
1446,2.0
1447,1.0
1448,2.0
1449,1.0
1450,1.0
1451,5.0
1452,3.0
1453,2.0
1454,2.0
1455,1.0
1456,1.0
1457,1.0
1458,2.0
1459,2.0
1460,2.0
1461,6.0
1462,4.0
1463,2.0
1464,1.0
1465,3.0
1466,3.0
1467,1.0
1468,5.0
1469,1.0
1470,11.0
1471,3.0
1472,3.0
1473,3.0
1474,1.0
1475,3.0
1476,25.0
1477,15.0
1478,6.0
1479,1.0
1480,3.0
1481,62.0
1482,54.0
1483,11.0
1484,26.0
1485,30.0
1486,22.0
1487,8.0
1488,3.0
1489,8.0
1490,73.0
1491,48.0
1492,57.0
1493,6.0
1494,5.0
1495,1.0
1496,1.0
1497,2.0
1498,1.0
1499,1.0
1500,3.0
1501,3.0
1502,2.0
1503,2.0
1504,1.0
1505,1.0
1506,4.0
1507,3.0
1508,8.0
1509,9.0
1510,8.0
1511,1.0
1512,1.0
1513,1.0
1514,1.0
1515,1.0
1516,1.0
1517,1.0
1518,2.0
1519,1.0
1520,4.0
1521,4.0
1522,1.0
1523,2.0
1524,1.0
1525,7.0
1526,7.0
1527,6.0
1528,1.0
1529,7.0
1530,2.0
1531,1.0
1532,4.0
1533,3.0
1534,1.0
1535,1.0
1536,2.0
1537,1.0
1538,3.0
1539,4.0
1540,2.0
1541,1.0
1542,3.0
1543,1.0
1544,1.0
1545,1.0
1546,14.0
1547,16.0
1548,5.0
1549,1.0
1550,1.0
1551,2.0
1552,3.0
1553,4.0
1554,1.0
1555,3.0
1556,1.0
1557,3.0
1558,9.0
1559,5.0
1560,9.0
1561,4.0
1562,2.0
1563,2.0
1564,2.0
1565,7.0
1566,1.0
1567,136.0
1568,196.0
1569,25.0
1570,41.0
1571,13.0
1572,1.0
1573,2.0
1574,6.0
1575,1.0
1576,6.0
1577,9.0
1578,3.0
1579,8.0
1580,4.0
1581,1.0
1582,3.0
1583,2.0
1584,1.0
1585,2.0
1586,1.0
1587,1.0
1588,4.0
1589,3.0
1590,1.0
1591,14.0
1592,12.0
1593,5.0
1594,1.0
1595,6.0
1596,2.0
1597,2.0
1598,1.0
1599,2.0
1600,2.0
1601,5.0
1602,2.0
1603,2.0
1604,1.0
1605,1.0
1606,2.0
1607,1.0
1608,1.0
1609,2.0
1610,2.0
1611,2.0
1612,9.0
1613,11.0
1614,5.0
1615,15.0
1616,12.0
1617,10.0
1618,15.0
1619,10.0
1620,7.0
1621,2.0
1622,1.0
1623,1.0
1624,2.0
1625,3.0
1626,39.0
1627,63.0
1628,43.0
1629,24.0
1630,5.0
1631,3.0
1632,1.0
1633,1.0
1634,1.0
1635,4.0
1636,4.0
1637,1.0
1638,1.0
1639,1.0
1640,27.0
1641,32.0
1642,6.0
1643,10.0
1644,4.0
1645,1.0
1646,1.0
1647,5.0
1648,1.0
1649,2.0
1650,1.0
1651,3.0
1652,6.0
1653,4.0
1654,9.0
1655,7.0
1656,7.0
1657,3.0
1658,9.0
1659,5.0
1660,1.0
1661,1.0
1662,3.0
1663,24.0
1664,24.0
1665,7.0
1666,9.0
1667,9.0
1668,5.0
1669,2.0
1670,2.0
1671,1.0
1672,2.0
1673,3.0
1674,1.0
1675,1.0
1676,1.0
1677,3.0
1678,2.0
1679,26.0
1680,8.0
1681,4.0
1682,5.0
1683,5.0
1684,1.0
1685,2.0
1686,24.0
1687,11.0
1688,4.0
1689,8.0
1690,6.0
1691,4.0
1692,4.0
1693,14.0
1694,7.0
1695,10.0
1696,4.0
1697,1.0
1698,2.0
1699,1.0
1700,1.0
1701,3.0
1702,2.0
1703,1.0
1704,2.0
1705,1.0
1706,6.0
1707,1.0
1708,1.0
1709,2.0
1710,3.0
1711,3.0
1712,1.0
1713,1.0
1714,2.0
1715,1.0
1716,1.0
1717,1.0
1718,2.0
1719,1.0
1720,1.0
1721,2.0
1722,9.0
1723,1.0
1724,11.0
1725,1.0
1726,2.0
1727,1.0
1728,3.0
1729,3.0
1730,8.0
1731,3.0
1732,4.0
1733,4.0
1734,2.0
1735,6.0
1736,2.0
1737,1.0
1738,54.0
1739,55.0
1740,15.0
1741,13.0
1742,1.0
1743,1.0
1744,19.0
1745,15.0
1746,2.0
1747,4.0
1748,3.0
1749,5.0
1750,2.0
1751,1.0
1752,1.0
1753,1.0
1754,1.0
1755,1.0
1756,3.0
1757,6.0
1758,3.0
1759,1.0
1760,10.0
1761,1.0
1762,1.0
1763,3.0
1764,19.0
1765,1.0
1766,4.0
1767,1.0
1768,3.0
1769,1.0
1770,2.0
1771,1.0
1772,1.0
1773,4.0
1774,4.0
1775,1.0
1776,2.0
1777,1.0
1778,1.0
1779,1.0
1780,5.0
1781,4.0
1782,6.0
1783,5.0
1784,4.0
1785,1.0
1786,1.0
1787,1.0
1788,23.0
1789,21.0
1790,5.0
1791,3.0
1792,1.0
1793,1.0
1794,1.0
1795,1.0
1796,1.0
1797,1.0
1798,1.0
1799,1.0
1800,1.0
1801,2.0
1802,1.0
1803,1.0
1804,2.0
1805,1.0
1806,4.0
1807,1.0
1808,3.0
1809,2.0
1810,9.0
1811,1.0
1812,5.0
1813,10.0
1814,8.0
1815,3.0
1816,1.0
1817,1.0
1818,1.0
1819,1.0
1820,1.0
1821,4.0
1822,15.0
1823,12.0
1824,4.0
1825,9.0
1826,1.0
1827,1.0
1828,1.0
1829,1.0
1830,9.0
1831,3.0
1832,3.0
1833,1.0
1834,2.0
1835,2.0
1836,1.0
1837,5.0
1838,22.0
1839,2.0
1840,6.0
1841,3.0
1842,2.0
1843,3.0
1844,1.0
1845,1.0
1846,1.0
1847,4.0
1848,1.0
1849,3.0
1850,1.0
1851,7.0
1852,2.0
1853,1.0
1854,1.0
1855,1.0
1856,1.0
1857,1.0
1858,5.0
1859,1.0
1860,1.0
1861,1.0
1862,1.0
1863,2.0
1864,7.0
1865,1.0
1866,2.0
1867,1.0
1868,2.0
1869,1.0
1870,3.0
1871,3.0
1872,3.0
1873,3.0
1874,1.0
1875,2.0
1876,1.0
1877,1.0
1878,2.0
1879,2.0
1880,1.0
1881,5.0
1882,7.0
1883,95.0
1884,95.0
1885,33.0
1886,42.0
1887,18.0
1888,19.0
1889,2.0
1890,1.0
1891,50.0
1892,6.0
1893,7.0
1894,1.0
1895,1.0
1896,4.0
1897,5.0
1898,8.0
1899,3.0
1900,1.0
1901,6.0
1902,11.0
1903,3.0
1904,4.0
1905,6.0
1906,2.0
1907,1.0
1908,1.0
1909,1.0
1910,1.0
1911,1.0
1912,1.0
1913,1.0
1914,1.0
1915,197.0
1916,115.0
1917,31.0
1918,176.0
1919,1.0
1920,5.0
1921,3.0
1922,2.0
1923,2.0
1924,62.0
1925,73.0
1926,6.0
1927,27.0
1928,10.0
1929,25.0
1930,1.0
1931,5.0
1932,4.0
1933,3.0
1934,1.0
1935,1.0
1936,1.0
1937,2.0
1938,9.0
1939,11.0
1940,5.0
1941,3.0
1942,3.0
1943,94.0
1944,8.0
1945,15.0
1946,3.0
1947,2.0
1948,1.0
1949,2.0
1950,2.0
1951,1.0
1952,2.0
1953,1.0
1954,2.0
1955,4.0
1956,2.0
1957,1.0
1958,1.0
1959,1.0
1960,1.0
1961,1.0
1962,2.0
1963,1.0
1964,3.0
1965,1.0
1966,1.0
1967,3.0
1968,4.0
1969,6.0
1970,4.0
1971,14.0
1972,9.0
1973,6.0
1974,4.0
1975,6.0
1976,7.0
1977,4.0
1978,2.0
1979,2.0
1980,4.0
1981,2.0
1982,12.0
1983,19.0
1984,26.0
1985,27.0
1986,25.0
1987,28.0
1988,29.0
1989,13.0
1990,8.0
1991,8.0
1992,2.0
1993,4.0
1994,1.0
1995,3.0
1996,1.0
1997,1.0
1998,1.0
1999,15.0
2000,1.0
2001,8.0
2002,10.0
2003,6.0
2004,13.0
2005,24.0
2006,263.0
2007,335.0
2008,147.0
2009,94.0
2010,1.0
2011,1.0
2012,1.0
2013,3.0
2014,4.0
2015,3.0
2016,1.0
2017,2.0
2018,1.0
2019,1.0
2020,2.0
2021,1.0
2022,1.0
2023,1.0
2024,1.0
2025,1.0
2026,3.0
2027,5.0
2028,3.0
2029,5.0
2030,2.0
2031,3.0
2032,2.0
2033,1.0
2034,2.0
2035,1.0
2036,2.0
2037,6.0
2038,4.0
2039,35.0
2040,28.0
2041,13.0
2042,7.0
2043,1.0
2044,3.0
2045,1.0
2046,1.0
2047,1.0
2048,18.0
2049,8.0
2050,6.0
2051,92.0
2052,25.0
2053,1.0
2054,18.0
2055,10.0
2056,10.0
2057,25.0
2058,28.0
2059,2.0
2060,5.0
2061,3.0
2062,6.0
2063,1.0
2064,2.0
2065,1.0
2066,1.0
2067,1.0
2068,1.0
2069,1.0
2070,5.0
2071,1.0
2072,2.0
2073,1.0
2074,1.0
2075,2.0
2076,1.0
2077,1.0
2078,4.0
2079,2.0
2080,11.0
2081,2.0
2082,2.0
2083,18.0
2084,38.0
2085,7.0
2086,2.0
2087,7.0
2088,4.0
2089,3.0
2090,12.0
2091,7.0
2092,6.0
2093,11.0
2094,8.0
2095,4.0
2096,4.0
2097,1.0
2098,1.0
2099,4.0
2100,1.0
2101,3.0
2102,1.0
2103,3.0
2104,1.0
2105,3.0
2106,1.0
2107,2.0
2108,1.0
2109,59.0
2110,50.0
2111,7.0
2112,6.0
2113,1.0
2114,1.0
2115,1.0
2116,5.0
2117,1.0
2118,1.0
2119,1.0
2120,1.0
2121,1.0
2122,1.0
2123,1.0
2124,2.0
2125,2.0
2126,1.0
2127,3.0
2128,3.0
2129,1.0
2130,19.0
2131,27.0
2132,3.0
2133,5.0
2134,1.0
2135,16.0
2136,11.0
2137,2.0
2138,3.0
2139,1.0
2140,1.0
2141,2.0
2142,191.0
2143,8.0
2144,62.0
2145,3.0
2146,2.0
2147,1.0
2148,8.0
2149,2.0
2150,1.0
2151,3.0
2152,1.0
2153,1.0
2154,2.0
2155,1.0
2156,5.0
2157,10.0
2158,5.0
2159,23.0
2160,7.0
2161,2.0
2162,5.0
2163,10.0
2164,3.0
2165,8.0
2166,1.0
2167,3.0
2168,2.0
2169,2.0
2170,2.0
2171,2.0
2172,1.0
2173,5.0
2174,5.0
2175,1.0
2176,1.0
2177,1.0
2178,4.0
2179,2.0
2180,6.0
2181,2.0
2182,1.0
2183,2.0
2184,1.0
2185,1.0
2186,2.0
2187,4.0
2188,21.0
2189,20.0
2190,30.0
2191,1012.0
2192,3.0
2193,51.0
2194,89.0
2195,1.0
2196,1.0
2197,1.0
2198,5.0
2199,6.0
2200,37.0
2201,123.0
2202,460.0
2203,129.0
2204,5.0
2205,5.0
2206,47.0
2207,57.0
2208,13.0
2209,10.0
2210,1.0
2211,1.0
2212,1.0
2213,3.0
2214,3.0
2215,8.0
2216,9.0
2217,3.0
2218,1.0
2219,1.0
2220,4.0
2221,41.0
2222,330.0
2223,346.0
2224,93.0
2225,132.0
2226,1.0
2227,4.0
2228,1.0
2229,1.0
2230,4.0
2231,5.0
2232,2.0
2233,1.0
2234,1.0
2235,1.0
2236,10.0
2237,1.0
2238,1.0
2239,1.0
2240,1.0
2241,4.0
2242,1.0
2243,4.0
2244,3.0
2245,2.0
2246,2.0
2247,1.0
2248,2.0
2249,4.0
2250,1.0
2251,4.0
2252,22.0
2253,2.0
2254,2.0
2255,1.0
2256,7.0
2257,2.0
2258,2.0
2259,8.0
2260,3.0
2261,1.0
2262,3.0
2263,6.0
2264,1.0
2265,3.0
2266,2.0
2267,1.0
2268,3.0
2269,1.0
2270,1.0
2271,1.0
2272,1.0
2273,1.0
2274,1.0
2275,8.0
2276,1.0
2277,2.0
2278,1.0
2279,3.0
2280,5.0
2281,9.0
2282,1.0
2283,2.0
2284,10.0
2285,2.0
2286,3.0
2287,3.0
2288,1.0
2289,5.0
2290,7.0
2291,3.0
2292,15.0
2293,7.0
2294,2.0
2295,1.0
2296,3.0
2297,4.0
2298,12.0
2299,1.0
2300,1.0
2301,1.0
2302,9.0
2303,1.0
2304,4.0
2305,2.0
2306,2.0
2307,2.0
2308,1.0
2309,1.0
2310,1.0
2311,1.0
2312,1.0
2313,2.0
2314,1.0
2315,1.0
2316,1.0
2317,126.0
2318,51.0
2319,4.0
2320,9.0
2321,1.0
2322,16.0
2323,18.0
2324,8.0
2325,3.0
2326,3.0
2327,3.0
2328,3.0
2329,1.0
2330,7.0
2331,7.0
2332,25.0
2333,32.0
2334,20.0
2335,1.0
2336,21.0
2337,28.0
2338,1.0
2339,5.0
2340,1.0
2341,1.0
2342,2.0
2343,1.0
2344,3.0
2345,3.0
2346,1.0
2347,3.0
2348,1.0
2349,3.0
2350,1.0
2351,1.0
2352,2.0
2353,1.0
2354,1.0
2355,1.0
2356,4.0
2357,2.0
2358,1.0
2359,15.0
2360,12.0
2361,3.0
2362,2.0
2363,1.0
2364,1.0
2365,2.0
2366,1.0
2367,4.0
2368,2.0
2369,1.0
2370,1.0
2371,2.0
2372,2.0
2373,1.0
2374,1.0
2375,1.0
2376,1.0
2377,1.0
2378,1.0
2379,1.0
2380,1.0
2381,1.0
2382,1.0
2383,4.0
2384,3.0
2385,7.0
2386,3.0
2387,1.0
2388,1.0
2389,15.0
2390,12.0
2391,1.0
2392,4.0
2393,1.0
2394,7.0
2395,57.0
2396,78.0
2397,21.0
2398,5.0
2399,3.0
2400,3.0
2401,2.0
2402,1.0
2403,2.0
2404,1.0
2405,2.0
2406,2.0
2407,13.0
2408,4.0
2409,9.0
2410,2.0
2411,7.0
2412,1.0
2413,3.0
2414,3.0
2415,2.0
2416,2.0
2417,1.0
2418,1.0
2419,1.0
2420,4.0
2421,1.0
2422,1.0
2423,2.0
2424,1.0
2425,3.0
2426,4.0
2427,1.0
2428,3.0
2429,7.0
2430,1.0
2431,1.0
2432,1.0
2433,1.0
2434,1.0
2435,5.0
2436,7.0
2437,3.0
2438,2.0
2439,2.0
2440,5.0
2441,6.0
2442,14.0
2443,7.0
2444,5.0
2445,1.0
2446,3.0
2447,2.0
2448,23.0
2449,1.0
2450,2.0
2451,1.0
2452,3.0
2453,1.0
2454,1.0
2455,3.0
2456,1.0
2457,2.0
2458,6.0
2459,14.0
2460,7.0
2461,4.0
2462,3.0
2463,4.0
2464,1.0
2465,1.0
2466,3.0
2467,15.0
2468,15.0
2469,8.0
2470,10.0
2471,3.0
2472,2.0
2473,2.0
2474,2.0
2475,12.0
2476,35.0
2477,21.0
2478,4.0
2479,25.0
2480,1.0
2481,19.0
2482,25.0
2483,8.0
2484,9.0
2485,1.0
2486,5.0
2487,4.0
2488,2.0
2489,2.0
2490,2.0
2491,4.0
2492,2.0
2493,1.0
2494,1.0
2495,1.0
2496,2.0
2497,4.0
2498,2.0
2499,2.0
2500,1.0
2501,1.0
2502,2.0
2503,1.0
2504,1.0
2505,2.0
2506,3.0
2507,2.0
2508,8.0
2509,5.0
2510,6.0
2511,2.0
2512,4.0
2513,11.0
2514,8.0
2515,2.0
2516,7.0
2517,1.0
2518,1.0
2519,1.0
2520,1.0
2521,1.0
2522,1.0
2523,1.0
2524,11.0
2525,20.0
2526,20.0
2527,15.0
2528,9.0
2529,2.0
2530,12.0
2531,2.0
2532,1.0
2533,1.0
2534,1.0
2535,6.0
2536,1.0
2537,1.0
2538,1.0
2539,6.0
2540,16.0
2541,8.0
2542,2.0
2543,1.0
2544,1.0
2545,1.0
2546,2.0
2547,2.0
2548,12.0
2549,31.0
2550,94.0
2551,25.0
2552,1.0
2553,3.0
2554,7.0
2555,8.0
2556,10.0
2557,22.0
2558,24.0
2559,4.0
2560,15.0
2561,1.0
2562,1.0
2563,2.0
2564,2.0
2565,1.0
2566,1.0
2567,1.0
2568,3.0
2569,11.0
2570,18.0
2571,6.0
2572,6.0
2573,3.0
2574,5.0
2575,2.0
2576,3.0
2577,2.0
2578,1.0
2579,2.0
2580,4.0
2581,1.0
2582,1.0
2583,1.0
2584,3.0
2585,4.0
2586,1.0
2587,1.0
2588,1.0
2589,1.0
2590,2.0
2591,1.0
2592,2.0
2593,1.0
2594,3.0
2595,8.0
2596,6.0
2597,9.0
2598,4.0
2599,6.0
2600,4.0
2601,2.0
2602,2.0
2603,1.0
2604,9.0
2605,1.0
2606,1.0
2607,2.0
2608,2.0
2609,1.0
2610,2.0
2611,3.0
2612,3.0
2613,1.0
2614,1.0
2615,7.0
2616,1.0
2617,2.0
2618,1.0
2619,1.0
2620,1.0
2621,1.0
2622,3.0
2623,6.0
2624,3.0
2625,1.0
2626,1.0
2627,1.0
2628,1.0
2629,3.0
2630,2.0
2631,3.0
2632,4.0
2633,4.0
2634,5.0
2635,5.0
2636,2.0
2637,1.0
2638,3.0
2639,1.0
2640,1.0
2641,3.0
2642,9.0
2643,9.0
2644,18.0
2645,15.0
2646,5.0
2647,5.0
2648,15.0
2649,7.0
2650,3.0
2651,1.0
2652,1.0
2653,1.0
2654,2.0
2655,1.0
2656,4.0
2657,1.0
2658,1.0
2659,1.0
2660,1.0
2661,1.0
2662,3.0
2663,1.0
2664,2.0
2665,3.0
2666,1.0
2667,1.0
2668,1.0
2669,1.0
2670,2.0
2671,2.0
2672,1.0
2673,1.0
2674,1.0
2675,2.0
2676,1.0
2677,4.0
2678,4.0
2679,1.0
2680,5.0
2681,1.0
2682,2.0
2683,14.0
2684,22.0
2685,14.0
2686,4.0
2687,1.0
2688,2.0
2689,1.0
2690,1.0
2691,3.0
2692,1.0
2693,4.0
2694,2.0
2695,4.0
2696,1.0
2697,1.0
2698,1.0
2699,1.0
2700,1.0
2701,8.0
2702,42.0
2703,31.0
2704,14.0
2705,7.0
2706,2.0
2707,16.0
2708,124.0
2709,61.0
2710,15.0
2711,28.0
2712,2.0
2713,8.0
2714,5.0
2715,1.0
2716,1.0
2717,2.0
2718,2.0
2719,2.0
2720,2.0
2721,17.0
2722,10.0
2723,7.0
2724,1.0
2725,58.0
2726,54.0
2727,26.0
2728,1.0
2729,1.0
2730,5.0
2731,8.0
2732,4.0
2733,35.0
2734,1.0
2735,1.0
2736,2.0
2737,2.0
2738,8.0
2739,3.0
2740,6.0
2741,4.0
2742,6.0
2743,2.0
2744,2.0
2745,2.0
2746,3.0
2747,2.0
2748,5.0
2749,35.0
2750,52.0
2751,7.0
2752,9.0
2753,9.0
2754,6.0
2755,1.0
2756,1.0
2757,9.0
2758,55.0
2759,47.0
2760,14.0
2761,24.0
2762,3.0
2763,4.0
2764,7.0
2765,7.0
2766,86.0
2767,23.0
2768,9.0
2769,23.0
2770,1.0
2771,1.0
2772,2.0
2773,1.0
2774,1.0
2775,2.0
2776,4.0
2777,4.0
2778,2.0
2779,4.0
2780,7.0
2781,2.0
2782,1.0
2783,1.0
2784,1.0
2785,1.0
2786,2.0
2787,2.0
2788,1.0
2789,7.0
2790,6.0
2791,2.0
2792,10.0
2793,2.0
2794,1.0
2795,1.0
2796,6.0
2797,4.0
2798,1.0
2799,3.0
2800,11.0
2801,2.0
2802,4.0
2803,2.0
2804,16.0
2805,1.0
2806,2.0
2807,5.0
2808,10.0
2809,2.0
2810,10.0
2811,23.0
2812,7.0
2813,3.0
2814,1.0
2815,3.0
2816,12.0
2817,4.0
2818,1.0
2819,6.0
2820,2.0
2821,15.0
2822,1.0
2823,1.0
2824,2.0
2825,3.0
2826,8.0
2827,89.0
2828,95.0
2829,20.0
2830,35.0
2831,2.0
2832,4.0
2833,4.0
2834,1.0
2835,2.0
2836,9.0
2837,1.0
2838,1.0
2839,2.0
2840,2.0
2841,2.0
2842,2.0
2843,2.0
2844,2.0
2845,3.0
2846,1.0
2847,10.0
2848,2.0
2849,2.0
2850,6.0
2851,1.0
2852,1.0
2853,14.0
2854,21.0
2855,6.0
2856,2.0
2857,3.0
2858,1.0
2859,5.0
2860,9.0
2861,1.0
2862,1.0
2863,13.0
2864,8.0
2865,5.0
2866,10.0
2867,5.0
2868,3.0
2869,1.0
2870,1.0
2871,3.0
2872,1.0
2873,4.0
2874,1.0
2875,2.0
2876,1.0
2877,37.0
2878,67.0
2879,20.0
2880,8.0
2881,1.0
2882,1.0
2883,1.0
2884,21.0
2885,17.0
2886,13.0
2887,1.0
2888,3.0
2889,1.0
2890,10.0
2891,10.0
2892,3.0
2893,1.0
2894,1.0
2895,4.0
2896,8.0
2897,3.0
2898,1.0
2899,1.0
2900,1.0
2901,3.0
2902,1.0
2903,2.0
2904,1.0
2905,2.0
2906,1.0
2907,2.0
2908,27.0
2909,49.0
2910,4.0
2911,3.0
2912,1.0
2913,1.0
2914,1.0
2915,1.0
2916,2.0
2917,2.0
2918,4.0
2919,29.0
2920,23.0
2921,1.0
2922,3.0
2923,45.0
2924,45.0
2925,7.0
2926,15.0
2927,2.0
2928,1.0
2929,1.0
2930,1.0
2931,1.0
2932,1.0
2933,1.0
2934,1.0
2935,1.0
2936,2.0
2937,3.0
2938,3.0
2939,6.0
2940,9.0
2941,2.0
2942,1.0
2943,4.0
2944,5.0
2945,3.0
2946,6.0
2947,2.0
2948,1.0
2949,1.0
2950,2.0
2951,12.0
2952,10.0
2953,3.0
2954,20.0
2955,2.0
2956,1.0
2957,1.0
2958,1.0
2959,2.0
2960,1.0
2961,1.0
2962,5.0
2963,9.0
2964,7.0
2965,7.0
2966,3.0
2967,3.0
2968,1.0
2969,2.0
2970,9.0
2971,1.0
2972,8.0
2973,1.0
2974,2.0
2975,1.0
2976,3.0
2977,4.0
2978,5.0
2979,4.0
2980,4.0
2981,1.0
2982,2.0
2983,5.0
2984,3.0
2985,5.0
2986,9.0
2987,7.0
2988,5.0
2989,2.0
2990,14.0
2991,105.0
2992,148.0
2993,59.0
2994,17.0
2995,1.0
2996,4.0
2997,4.0
2998,6.0
2999,8.0
3000,5.0
3001,16.0
3002,11.0
3003,6.0
3004,9.0
3005,5.0
3006,3.0
3007,1.0
3008,2.0
3009,1.0
3010,1.0
3011,1.0
3012,1.0
3013,1.0
3014,1.0
3015,1.0
3016,1.0
3017,1.0
3018,6.0
3019,1.0
3020,2.0
3021,1.0
3022,1.0
3023,3.0
3024,3.0
3025,1.0
3026,3.0
3027,2.0
3028,3.0
3029,1.0
3030,9.0
3031,99.0
3032,86.0
3033,31.0
3034,45.0
3035,2.0
3036,1.0
3037,3.0
3038,2.0
3039,4.0
3040,14.0
3041,10.0
3042,5.0
3043,6.0
3044,2.0
3045,4.0
3046,3.0
3047,6.0
3048,2.0
3049,2.0
3050,2.0
3051,4.0
3052,3.0
3053,1.0
3054,12.0
3055,59.0
3056,199.0
3057,30.0
3058,5.0
3059,9.0
3060,10.0
3061,4.0
3062,11.0
3063,2.0
3064,1.0
3065,48.0
3066,1.0
3067,3.0
3068,3.0
3069,4.0
3070,8.0
3071,12.0
3072,3.0
3073,1.0
3074,1.0
3075,2.0
3076,1.0
3077,2.0
3078,1.0
3079,3.0
3080,2.0
3081,1.0
3082,3.0
3083,3.0
3084,1.0
3085,1.0
3086,1.0
3087,1.0
3088,15.0
3089,13.0
3090,5.0
3091,1.0
3092,1.0
3093,1.0
3094,8.0
3095,12.0
3096,3.0
3097,2.0
3098,1.0
3099,6.0
3100,26.0
3101,10.0
3102,1.0
3103,1.0
3104,1.0
3105,3.0
3106,3.0
3107,1.0
3108,3.0
3109,13.0
3110,4.0
3111,3.0
3112,26.0
3113,3.0
3114,4.0
3115,2.0
3116,2.0
3117,1.0
3118,3.0
3119,2.0
3120,1.0
3121,1.0
3122,3.0
3123,1.0
3124,3.0
3125,6.0
3126,2.0
3127,2.0
3128,14.0
3129,1.0
3130,2.0
3131,1.0
3132,3.0
3133,3.0
3134,1.0
3135,2.0
3136,6.0
3137,7.0
3138,3.0
3139,1.0
3140,1.0
3141,2.0
3142,2.0
3143,3.0
3144,1.0
3145,7.0
3146,5.0
3147,1.0
3148,1.0
3149,1.0
3150,4.0
3151,2.0
3152,1.0
3153,2.0
3154,3.0
3155,10.0
3156,9.0
3157,20.0
3158,25.0
3159,55.0
3160,81.0
3161,38.0
3162,58.0
3163,5.0
3164,1.0
3165,4.0
3166,1.0
3167,1.0
3168,10.0
3169,1.0
3170,1.0
3171,1.0
3172,1.0
3173,4.0
3174,5.0
3175,1.0
3176,4.0
3177,4.0
3178,4.0
3179,2.0
3180,2.0
3181,1.0
3182,1.0
3183,1.0
3184,25.0
3185,29.0
3186,6.0
3187,10.0
3188,2.0
3189,17.0
3190,36.0
3191,22.0
3192,4.0
3193,3.0
3194,2.0
3195,2.0
3196,2.0
3197,2.0
3198,7.0
3199,31.0
3200,19.0
3201,17.0
3202,2.0
3203,14.0
3204,17.0
3205,2.0
3206,2.0
3207,1.0
3208,2.0
3209,2.0
3210,2.0
3211,1.0
3212,7.0
3213,3.0
3214,3.0
3215,1.0
3216,1.0
3217,1.0
3218,1.0
3219,1.0
3220,1.0
3221,1.0
3222,1.0
3223,1.0
3224,1.0
3225,1.0
3226,23.0
3227,41.0
3228,15.0
3229,1.0
3230,1.0
3231,1.0
3232,1.0
3233,3.0
3234,7.0
3235,64.0
3236,57.0
3237,36.0
3238,42.0
3239,2.0
3240,1.0
3241,1.0
3242,2.0
3243,10.0
3244,3.0
3245,15.0
3246,6.0
3247,3.0
3248,6.0
3249,4.0
3250,13.0
3251,11.0
3252,6.0
3253,4.0
3254,2.0
3255,1.0
3256,4.0
3257,15.0
3258,15.0
3259,8.0
3260,10.0
3261,11.0
3262,4.0
3263,5.0
3264,1.0
3265,3.0
3266,24.0
3267,8.0
3268,1.0
3269,3.0
3270,1.0
3271,1.0
3272,2.0
3273,1.0
3274,4.0
3275,4.0
3276,1.0
3277,1.0
3278,2.0
3279,1.0
3280,1.0
3281,1.0
3282,1.0
3283,2.0
3284,3.0
3285,1.0
3286,1.0
3287,4.0
3288,5.0
3289,2.0
3290,2.0
3291,1.0
3292,4.0
3293,1.0
3294,3.0
3295,16.0
3296,16.0
3297,10.0
3298,3.0
3299,2.0
3300,3.0
3301,8.0
3302,6.0
3303,6.0
3304,6.0
3305,10.0
3306,4.0
3307,8.0
3308,4.0
3309,1.0
3310,2.0
3311,4.0
3312,3.0
3313,14.0
3314,8.0
3315,5.0
3316,2.0
3317,1.0
3318,1.0
3319,2.0
3320,1.0
3321,2.0
3322,18.0
3323,33.0
3324,15.0
3325,4.0
3326,1.0
3327,1.0
3328,5.0
3329,1.0
3330,1.0
3331,1.0
3332,1.0
3333,3.0
3334,3.0
3335,1.0
3336,2.0
3337,1.0
3338,6.0
3339,3.0
3340,3.0
3341,5.0
3342,2.0
3343,1.0
3344,1.0
3345,1.0
3346,2.0
3347,13.0
3348,20.0
3349,5.0
3350,1.0
3351,1.0
3352,2.0
3353,1.0
3354,1.0
3355,3.0
3356,1.0
3357,5.0
3358,3.0
3359,1.0
3360,1.0
3361,2.0
3362,2.0
3363,2.0
3364,2.0
3365,3.0
3366,2.0
3367,7.0
3368,5.0
3369,1.0
3370,4.0
3371,8.0
3372,15.0
3373,1.0
3374,3.0
3375,2.0
3376,1.0
3377,25.0
3378,11.0
3379,1.0
3380,4.0
3381,1.0
3382,1.0
3383,1.0
3384,1.0
3385,1.0
3386,2.0
3387,70.0
3388,48.0
3389,4.0
3390,11.0
3391,1.0
3392,19.0
3393,14.0
3394,26.0
3395,11.0
3396,179.0
3397,77.0
3398,62.0
3399,1.0
3400,3.0
3401,16.0
3402,22.0
3403,9.0
3404,9.0
3405,3.0
3406,3.0
3407,6.0
3408,7.0
3409,2.0
3410,3.0
3411,5.0
3412,1.0
3413,3.0
3414,5.0
3415,4.0
3416,5.0
3417,2.0
3418,1.0
3419,1.0
3420,1.0
3421,2.0
3422,2.0
3423,9.0
3424,1.0
3425,1.0
3426,1.0
3427,1.0
3428,1.0
3429,3.0
3430,4.0
3431,6.0
3432,5.0
3433,2.0
3434,2.0
3435,1.0
3436,61.0
3437,11.0
3438,18.0
3439,9.0
3440,1.0
3441,1.0
3442,2.0
3443,1.0
3444,4.0
3445,7.0
3446,4.0
3447,4.0
3448,15.0
3449,18.0
3450,10.0
3451,9.0
3452,7.0
3453,2.0
3454,8.0
3455,1.0
3456,2.0
3457,5.0
3458,3.0
3459,1.0
3460,1.0
3461,4.0
3462,22.0
3463,7.0
3464,10.0
3465,8.0
3466,1.0
3467,1.0
3468,1.0
3469,1.0
3470,1.0
3471,1.0
3472,1.0
3473,1.0
3474,1.0
3475,1.0
3476,1.0
3477,2.0
3478,1.0
3479,1.0
3480,3.0
3481,40.0
3482,6.0
3483,2.0
3484,1.0
3485,7.0
3486,2.0
3487,7.0
3488,2.0
3489,1.0
3490,1.0
3491,8.0
3492,1.0
3493,1.0
3494,2.0
3495,1.0
3496,1.0
3497,1.0
3498,1.0
3499,1.0
3500,2.0
3501,1.0
3502,14.0
3503,5.0
3504,5.0
3505,3.0
3506,17.0
3507,26.0
3508,10.0
3509,9.0
3510,2.0
3511,2.0
3512,1.0
3513,7.0
3514,13.0
3515,16.0
3516,1.0
3517,2.0
3518,1.0
3519,2.0
3520,2.0
3521,3.0
3522,4.0
3523,10.0
3524,9.0
3525,4.0
3526,4.0
3527,1.0
3528,5.0
3529,4.0
3530,7.0
3531,10.0
3532,4.0
3533,5.0
3534,3.0
3535,2.0
3536,6.0
3537,5.0
3538,1.0
3539,1.0
3540,3.0
3541,3.0
3542,3.0
3543,1.0
3544,3.0
3545,1.0
3546,1.0
3547,1.0
3548,1.0
3549,3.0
3550,2.0
3551,3.0
3552,1.0
3553,1.0
3554,20.0
3555,28.0
3556,12.0
3557,12.0
3558,12.0
3559,19.0
3560,39.0
3561,89.0
3562,22.0
3563,1.0
3564,4.0
3565,2.0
3566,1.0
3567,11.0
3568,5.0
3569,7.0
3570,7.0
3571,8.0
3572,70.0
3573,45.0
3574,9.0
3575,17.0
3576,2.0
3577,1.0
3578,29.0
3579,22.0
3580,2.0
3581,8.0
3582,1.0
3583,2.0
3584,1.0
3585,11.0
3586,10.0
3587,4.0
3588,6.0
3589,1.0
3590,1.0
3591,2.0
3592,1.0
3593,1.0
3594,2.0
3595,13.0
3596,16.0
3597,10.0
3598,8.0
3599,1.0
3600,1.0
3601,1.0
3602,1.0
3603,1.0
3604,1.0
3605,1.0
3606,1.0
3607,3.0
3608,1.0
3609,2.0
3610,1.0
3611,1.0
3612,1.0
3613,1.0
3614,2.0
3615,3.0
3616,1.0
3617,1.0
3618,1.0
3619,2.0
3620,1.0
3621,2.0
3622,1.0
3623,1.0
3624,1.0
3625,2.0
3626,1.0
3627,2.0
3628,2.0
3629,1.0
3630,2.0
3631,1.0
3632,1.0
3633,1.0
3634,2.0
3635,1.0
3636,7.0
3637,1.0
3638,2.0
3639,5.0
3640,1.0
3641,1.0
3642,1.0
3643,1.0
3644,2.0
3645,1.0
3646,43.0
3647,41.0
3648,8.0
3649,14.0
3650,2.0
3651,3.0
3652,3.0
3653,6.0
3654,3.0
3655,9.0
3656,10.0
3657,3.0
3658,1.0
3659,19.0
3660,22.0
3661,4.0
3662,4.0
3663,1.0
3664,1.0
3665,3.0
3666,2.0
3667,3.0
3668,2.0
3669,1.0
3670,2.0
3671,1.0
3672,1.0
3673,1.0
3674,2.0
3675,1.0
3676,2.0
3677,1.0
3678,2.0
3679,1.0
3680,2.0
3681,2.0
3682,1.0
3683,1.0
3684,20.0
3685,21.0
3686,2.0
3687,6.0
3688,4.0
3689,8.0
3690,2.0
3691,3.0
3692,3.0
3693,2.0
3694,1.0
3695,3.0
3696,5.0
3697,3.0
3698,4.0
3699,2.0
3700,1.0
3701,5.0
3702,1.0
3703,1.0
3704,1.0
3705,1.0
3706,2.0
3707,3.0
3708,1.0
3709,1.0
3710,4.0
3711,2.0
3712,9.0
3713,5.0
3714,3.0
3715,2.0
3716,6.0
3717,8.0
3718,7.0
3719,3.0
3720,7.0
3721,10.0
3722,11.0
3723,10.0
3724,8.0
3725,6.0
3726,3.0
3727,1.0
3728,3.0
3729,1.0
3730,5.0
3731,24.0
3732,12.0
3733,2.0
3734,66.0
3735,44.0
3736,9.0
3737,20.0
3738,53.0
3739,35.0
3740,1.0
3741,1.0
3742,1.0
3743,2.0
3744,1.0
3745,2.0
3746,2.0
3747,2.0
3748,2.0
3749,157.0
3750,85.0
3751,5.0
3752,29.0
3753,3.0
3754,1.0
3755,2.0
3756,5.0
3757,6.0
3758,5.0
3759,2.0
3760,1.0
3761,1.0
3762,1.0
3763,3.0
3764,2.0
3765,1.0
3766,8.0
3767,1.0
3768,8.0
3769,4.0
3770,5.0
3771,10.0
3772,6.0
3773,2.0
3774,2.0
3775,9.0
3776,12.0
3777,3.0
3778,10.0
3779,10.0
3780,11.0
3781,1.0
3782,1.0
3783,3.0
3784,1.0
3785,1.0
3786,1.0
3787,31.0
3788,3.0
3789,1.0
3790,1.0
3791,1.0
3792,3.0
3793,22.0
3794,53.0
3795,194.0
3796,45.0
3797,1.0
3798,8.0
3799,4.0
3800,3.0
3801,1.0
3802,1.0
3803,1.0
3804,2.0
3805,1.0
3806,3.0
3807,1.0
3808,1.0
3809,5.0
3810,3.0
3811,2.0
3812,1.0
3813,26.0
3814,25.0
3815,11.0
3816,10.0
3817,2.0
3818,12.0
3819,12.0
3820,8.0
3821,9.0
3822,1.0
3823,1.0
3824,7.0
3825,15.0
3826,1.0
3827,8.0
3828,2.0
3829,2.0
3830,4.0
3831,9.0
3832,7.0
3833,1.0
3834,1.0
3835,2.0
3836,4.0
3837,14.0
3838,20.0
3839,3.0
3840,2.0
3841,3.0
3842,1.0
3843,17.0
3844,21.0
3845,2.0
3846,6.0
3847,1.0
3848,1.0
3849,53.0
3850,53.0
3851,21.0
3852,6.0
3853,2.0
3854,4.0
3855,3.0
3856,4.0
3857,2.0
3858,2.0
3859,2.0
3860,16.0
3861,15.0
3862,9.0
3863,2.0
3864,9.0
3865,1.0
3866,3.0
3867,3.0
3868,6.0
3869,1.0
3870,1.0
3871,1.0
3872,2.0
3873,13.0
3874,1.0
3875,4.0
3876,2.0
3877,1.0
3878,2.0
3879,1.0
3880,2.0
3881,2.0
3882,1.0
3883,1.0
3884,50.0
3885,2.0
3886,1.0
3887,1.0
3888,1.0
3889,2.0
3890,3.0
3891,3.0
3892,4.0
3893,1.0
3894,1.0
3895,1.0
3896,28.0
3897,216.0
3898,134.0
3899,48.0
3900,73.0
3901,2.0
3902,15.0
3903,4.0
3904,1.0
3905,1.0
3906,2.0
3907,1.0
3908,1.0
3909,4.0
3910,1.0
3911,3.0
3912,1.0
3913,2.0
3914,2.0
3915,9.0
3916,4.0
3917,1.0
3918,5.0
3919,33.0
3920,65.0
3921,20.0
3922,12.0
3923,1.0
3924,2.0
3925,4.0
3926,1.0
3927,11.0
3928,13.0
3929,2.0
3930,1.0
3931,1.0
3932,2.0
3933,2.0
3934,16.0
3935,17.0
3936,7.0
3937,1.0
3938,1.0
3939,6.0
3940,2.0
3941,1.0
3942,4.0
3943,1.0
3944,1.0
3945,6.0
3946,13.0
3947,1.0
3948,1.0
3949,2.0
3950,4.0
3951,1.0
3952,7.0
3953,2.0
3954,1.0
3955,1.0
3956,5.0
3957,3.0
3958,1.0
3959,5.0
3960,2.0
3961,1.0
3962,3.0
3963,1.0
3964,2.0
3965,1.0
3966,2.0
3967,1.0
3968,1.0
3969,24.0
3970,15.0
3971,11.0
3972,4.0
3973,3.0
3974,2.0
3975,5.0
3976,3.0
3977,2.0
3978,1.0
3979,2.0
3980,6.0
3981,1.0
3982,1.0
3983,2.0
3984,2.0
3985,1.0
3986,5.0
3987,5.0
3988,16.0
3989,4.0
3990,2.0
3991,4.0
3992,6.0
3993,2.0
3994,3.0
3995,1.0
3996,1.0
3997,1.0
3998,1.0
3999,21.0
4000,9.0
4001,5.0
4002,17.0
4003,3.0
4004,2.0
4005,10.0
4006,1.0
4007,3.0
4008,2.0
4009,12.0
4010,13.0
4011,3.0
4012,1.0
4013,1.0
4014,12.0
4015,56.0
4016,79.0
4017,18.0
4018,27.0
4019,3.0
4020,13.0
4021,18.0
4022,4.0
4023,2.0
4024,1.0
4025,1.0
4026,15.0
4027,3.0
4028,2.0
4029,2.0
4030,6.0
4031,7.0
4032,1.0
4033,2.0
4034,2.0
4035,3.0
4036,1.0
4037,1.0
4038,2.0
4039,1.0
4040,1.0
4041,1.0
4042,1.0
4043,1.0
4044,2.0
4045,2.0
4046,4.0
4047,1.0
4048,1.0
4049,1.0
4050,5.0
4051,1.0
4052,5.0
4053,2.0
4054,1.0
4055,4.0
4056,1.0
4057,2.0
4058,1.0
4059,1.0
4060,1.0
4061,1.0
4062,1.0
4063,3.0
4064,6.0
4065,1.0
4066,3.0
4067,4.0
4068,1.0
4069,1.0
4070,1.0
4071,2.0
4072,11.0
4073,18.0
4074,9.0
4075,3.0
4076,1.0
4077,2.0
4078,3.0
4079,1.0
4080,2.0
4081,1.0
4082,2.0
4083,2.0
4084,3.0
4085,5.0
4086,3.0
4087,1.0
4088,1.0
4089,1.0
4090,8.0
4091,5.0
4092,9.0
4093,10.0
4094,5.0
4095,5.0
4096,2.0
4097,1.0
4098,1.0
4099,4.0
4100,5.0
4101,1.0
4102,1.0
4103,1.0
4104,4.0
4105,6.0
4106,2.0
4107,1.0
4108,4.0
4109,1.0
4110,2.0
4111,3.0
4112,2.0
4113,2.0
4114,2.0
4115,3.0
4116,5.0
4117,1.0
4118,1.0
4119,1.0
4120,7.0
4121,5.0
4122,2.0
4123,1.0
4124,3.0
4125,3.0
4126,6.0
4127,5.0
4128,3.0
4129,3.0
4130,2.0
4131,3.0
4132,2.0
4133,6.0
4134,63.0
4135,108.0
4136,49.0
4137,35.0
4138,1.0
4139,1.0
4140,12.0
4141,12.0
4142,4.0
4143,7.0
4144,1.0
4145,2.0
4146,2.0
4147,1.0
4148,1.0
4149,2.0
4150,1.0
4151,1.0
4152,2.0
4153,1.0
4154,5.0
4155,4.0
4156,1.0
4157,2.0
4158,2.0
4159,8.0
4160,3.0
4161,1.0
4162,5.0
4163,5.0
4164,1.0
4165,1.0
4166,3.0
4167,2.0
4168,3.0
4169,1.0
4170,1.0
4171,2.0
4172,5.0
4173,106.0
4174,50.0
4175,1.0
4176,2.0
4177,2.0
4178,1.0
4179,2.0
4180,2.0
4181,1.0
4182,1.0
4183,1.0
4184,2.0
4185,7.0
4186,11.0
4187,4.0
4188,1.0
4189,2.0
4190,2.0
4191,1.0
4192,7.0
4193,2.0
4194,2.0
4195,3.0
4196,1.0
4197,3.0
4198,3.0
4199,1.0
4200,1.0
4201,1.0
4202,1.0
4203,1.0
4204,1.0
4205,3.0
4206,3.0
4207,5.0
4208,1.0
4209,2.0
4210,1.0
4211,2.0
4212,1.0
4213,3.0
4214,1.0
4215,3.0
4216,2.0
4217,1.0
4218,1.0
4219,1.0
4220,2.0
4221,3.0
4222,3.0
4223,5.0
4224,1.0
4225,2.0
4226,3.0
4227,1.0
4228,5.0
4229,3.0
4230,2.0
4231,1.0
4232,19.0
4233,6.0
4234,1.0
4235,14.0
4236,1.0
4237,1.0
4238,1.0
4239,3.0
4240,20.0
4241,14.0
4242,8.0
4243,8.0
4244,1.0
4245,4.0
4246,5.0
4247,1.0
4248,1.0
4249,3.0
4250,1.0
4251,1.0
4252,1.0
4253,1.0
4254,1.0
4255,1.0
4256,2.0
4257,1.0
4258,4.0
4259,1.0
4260,9.0
4261,19.0
4262,10.0
4263,1.0
4264,3.0
4265,27.0
4266,10.0
4267,5.0
4268,1.0
4269,1.0
4270,1.0
4271,1.0
4272,2.0
4273,2.0
4274,4.0
4275,3.0
4276,4.0
4277,5.0
4278,3.0
4279,5.0
4280,15.0
4281,8.0
4282,16.0
4283,2.0
4284,9.0
4285,8.0
4286,6.0
4287,1.0
4288,2.0
4289,3.0
4290,3.0
4291,1.0
4292,2.0
4293,1.0
4294,1.0
4295,43.0
4296,629.0
4297,647.0
4298,131.0
4299,213.0
4300,2.0
4301,1.0
4302,2.0
4303,1.0
4304,3.0
4305,2.0
4306,2.0
4307,3.0
4308,3.0
4309,1.0
4310,1.0
4311,1.0
4312,10.0
4313,7.0
4314,2.0
4315,1.0
4316,1.0
4317,1.0
4318,1.0
4319,1.0
4320,4.0
4321,1.0
4322,24.0
4323,47.0
4324,5.0
4325,4.0
4326,1.0
4327,1.0
4328,1.0
4329,1.0
4330,3.0
4331,3.0
4332,7.0
4333,4.0
4334,46.0
4335,44.0
4336,11.0
4337,9.0
4338,1.0
4339,1.0
4340,1.0
4341,2.0
4342,3.0
4343,3.0
4344,1.0
4345,1.0
4346,1.0
4347,1.0
4348,2.0
4349,21.0
4350,215.0
4351,215.0
4352,78.0
4353,93.0
4354,11.0
4355,33.0
4356,3.0
4357,1.0
4358,2.0
4359,1.0
4360,1.0
4361,32.0
4362,22.0
4363,4.0
4364,1.0
4365,1.0
4366,1.0
4367,2.0
4368,1.0
4369,1.0
4370,1.0
4371,1.0
4372,7.0
4373,5.0
4374,2.0
4375,3.0
4376,1.0
4377,1.0
4378,1.0
4379,2.0
4380,2.0
4381,1.0
4382,2.0
4383,2.0
4384,3.0
4385,2.0
4386,1.0
4387,1.0
4388,2.0
4389,1.0
4390,1.0
4391,1.0
4392,2.0
4393,7.0
4394,97.0
4395,82.0
4396,31.0
4397,47.0
4398,2.0
4399,1.0
4400,1.0
4401,2.0
4402,2.0
4403,3.0
4404,1.0
4405,29.0
4406,51.0
4407,13.0
4408,1.0
4409,1.0
4410,1.0
4411,4.0
4412,1.0
4413,1.0
4414,3.0
4415,4.0
4416,1.0
4417,3.0
4418,5.0
4419,2.0
4420,1.0
4421,3.0
4422,1.0
4423,1.0
4424,3.0
4425,2.0
4426,1.0
4427,1.0
4428,1.0
4429,1.0
4430,74.0
4431,18.0
4432,20.0
4433,5.0
4434,1.0
4435,1.0
4436,11.0
4437,11.0
4438,2.0
4439,2.0
4440,15.0
4441,20.0
4442,6.0
4443,8.0
4444,3.0
4445,5.0
4446,4.0
4447,4.0
4448,1.0
4449,1.0
4450,2.0
4451,1.0
4452,2.0
4453,1.0
4454,3.0
4455,18.0
4456,15.0
4457,4.0
4458,3.0
4459,2.0
4460,2.0
4461,3.0
4462,1.0
4463,1.0
4464,3.0
4465,2.0
4466,8.0
4467,10.0
4468,4.0
4469,1.0
4470,2.0
4471,1.0
4472,1.0
4473,1.0
4474,1.0
4475,1.0
4476,1.0
4477,5.0
4478,2.0
4479,14.0
4480,265.0
4481,343.0
4482,101.0
4483,83.0
4484,1.0
4485,1.0
4486,1.0
4487,1.0
4488,1.0
4489,3.0
4490,5.0
4491,6.0
4492,2.0
4493,3.0
4494,1.0
4495,1.0
4496,1.0
4497,1.0
4498,1.0
4499,2.0
4500,5.0
4501,1.0
4502,5.0
4503,2.0
4504,2.0
4505,2.0
4506,1.0
4507,1.0
4508,28.0
4509,27.0
4510,1.0
4511,1.0
4512,1.0
4513,3.0
4514,1.0
4515,2.0
4516,1.0
4517,12.0
4518,18.0
4519,11.0
4520,13.0
4521,39.0
4522,3.0
4523,1.0
4524,1.0
4525,1.0
4526,14.0
4527,1.0
4528,2.0
4529,1.0
4530,1.0
4531,2.0
4532,1.0
4533,2.0
4534,1.0
4535,4.0
4536,1.0
4537,1.0
4538,2.0
4539,6.0
4540,1.0
4541,7.0
4542,5.0
4543,6.0
4544,7.0
4545,12.0
4546,3.0
4547,3.0
4548,3.0
4549,2.0
4550,4.0
4551,38.0
4552,31.0
4553,8.0
4554,12.0
4555,3.0
4556,76.0
4557,38.0
4558,6.0
4559,8.0
4560,5.0
4561,39.0
4562,41.0
4563,19.0
4564,10.0
4565,1.0
4566,1.0
4567,2.0
4568,11.0
4569,7.0
4570,3.0
4571,10.0
4572,1.0
4573,1.0
4574,9.0
4575,14.0
4576,6.0
4577,9.0
4578,16.0
4579,34.0
4580,9.0
4581,2.0
4582,4.0
4583,2.0
4584,18.0
4585,20.0
4586,10.0
4587,3.0
4588,1.0
4589,1.0
4590,2.0
4591,1.0
4592,1.0
4593,1.0
4594,1.0
4595,1.0
4596,1.0
4597,1.0
4598,2.0
4599,1.0
4600,1.0
4601,2.0
4602,1.0
4603,1.0
4604,2.0
4605,5.0
4606,7.0
4607,6.0
4608,3.0
4609,2.0
4610,1.0
4611,2.0
4612,3.0
4613,1.0
4614,1.0
4615,2.0
4616,2.0
4617,1.0
4618,1.0
4619,2.0
4620,1.0
4621,3.0
4622,2.0
4623,1.0
4624,2.0
4625,1.0
4626,1.0
4627,23.0
4628,47.0
4629,8.0
4630,15.0
4631,1.0
4632,1.0
4633,2.0
4634,2.0
4635,2.0
4636,2.0
4637,1.0
4638,8.0
4639,71.0
4640,74.0
4641,13.0
4642,24.0
4643,1.0
4644,47.0
4645,21.0
4646,5.0
4647,13.0
4648,1.0
4649,3.0
4650,47.0
4651,32.0
4652,3.0
4653,5.0
4654,3.0
4655,16.0
4656,10.0
4657,13.0
4658,4.0
4659,2.0
4660,4.0
4661,7.0
4662,1.0
4663,1.0
4664,3.0
4665,1.0
4666,1.0
4667,1.0
4668,1.0
4669,1.0
4670,1.0
4671,2.0
4672,3.0
4673,1.0
4674,1.0
4675,39.0
4676,23.0
4677,8.0
4678,12.0
4679,1.0
4680,2.0
4681,1.0
4682,2.0
4683,1.0
4684,11.0
4685,6.0
4686,6.0
4687,5.0
4688,3.0
4689,2.0
4690,1.0
4691,1.0
4692,1.0
4693,107.0
4694,18.0
4695,4.0
4696,8.0
4697,1.0
4698,1.0
4699,2.0
4700,2.0
4701,3.0
4702,2.0
4703,1.0
4704,1.0
4705,1.0
4706,10.0
4707,12.0
4708,5.0
4709,1.0
4710,2.0
4711,4.0
4712,1.0
4713,1.0
4714,3.0
4715,3.0
4716,6.0
4717,20.0
4718,86.0
4719,241.0
4720,49.0
4721,3.0
4722,4.0
4723,4.0
4724,3.0
4725,2.0
4726,2.0
4727,1.0
4728,1.0
4729,2.0
4730,1.0
4731,3.0
4732,10.0
4733,2.0
4734,1.0
4735,6.0
4736,7.0
4737,3.0
4738,116.0
4739,118.0
4740,9.0
4741,40.0
4742,1.0
4743,2.0
4744,1.0
4745,1.0
4746,2.0
4747,1.0
4748,2.0
4749,2.0
4750,1.0
4751,1.0
4752,2.0
4753,1.0
4754,15.0
4755,7.0
4756,2.0
4757,1.0
4758,4.0
4759,5.0
4760,3.0
4761,3.0
4762,1.0
4763,1.0
4764,1.0
4765,12.0
4766,7.0
4767,11.0
4768,15.0
4769,9.0
4770,7.0
4771,26.0
4772,23.0
4773,20.0
4774,7.0
4775,72.0
4776,77.0
4777,23.0
4778,21.0
4779,1.0
4780,1.0
4781,2.0
4782,1.0
4783,1.0
4784,2.0
4785,7.0
4786,16.0
4787,7.0
4788,7.0
4789,2.0
4790,1.0
4791,3.0
4792,3.0
4793,3.0
4794,6.0
4795,4.0
4796,4.0
4797,16.0
4798,1.0
4799,1.0
4800,3.0
4801,5.0
4802,6.0
4803,5.0
4804,1.0
4805,1.0
4806,1.0
4807,3.0
4808,1.0
4809,1.0
4810,1.0
4811,2.0
4812,16.0
4813,17.0
4814,11.0
4815,2.0
4816,8.0
4817,12.0
4818,9.0
4819,3.0
4820,2.0
4821,1.0
4822,1.0
4823,3.0
4824,3.0
4825,4.0
4826,1.0
4827,2.0
4828,1.0
4829,3.0
4830,1.0
4831,1.0
4832,3.0
4833,6.0
4834,2.0
4835,1.0
4836,1.0
4837,7.0
4838,7.0
4839,4.0
4840,7.0
4841,3.0
4842,4.0
4843,2.0
4844,3.0
4845,3.0
4846,1.0
4847,4.0
4848,13.0
4849,31.0
4850,12.0
4851,14.0
4852,10.0
4853,5.0
4854,1.0
4855,2.0
4856,5.0
4857,6.0
4858,2.0
4859,1.0
4860,1.0
4861,6.0
4862,1.0
4863,1.0
4864,3.0
4865,1.0
4866,5.0
4867,2.0
4868,1.0
4869,4.0
4870,1.0
4871,1.0
4872,1.0
4873,1.0
4874,1.0
4875,2.0
4876,1.0
4877,1.0
4878,2.0
4879,1.0
4880,2.0
4881,1.0
4882,2.0
4883,3.0
4884,1.0
4885,4.0
4886,4.0
4887,2.0
4888,1.0
4889,21.0
4890,9.0
4891,2.0
4892,1.0
4893,3.0
4894,1.0
4895,2.0
4896,3.0
4897,3.0
4898,6.0
4899,5.0
4900,4.0
4901,1.0
4902,1.0
4903,3.0
4904,2.0
4905,3.0
4906,4.0
4907,3.0
4908,4.0
4909,13.0
4910,2.0
4911,4.0
4912,26.0
4913,21.0
4914,20.0
4915,22.0
4916,4.0
4917,2.0
4918,3.0
4919,2.0
4920,2.0
4921,1.0
4922,1.0
4923,11.0
4924,3.0
4925,12.0
4926,10.0
4927,21.0
4928,18.0
4929,4.0
4930,75.0
4931,95.0
4932,28.0
4933,24.0
4934,3.0
4935,6.0
4936,1.0
4937,1.0
4938,2.0
4939,2.0
4940,2.0
4941,4.0
4942,1.0
4943,3.0
4944,4.0
4945,3.0
4946,6.0
4947,3.0
4948,1.0
4949,1.0
4950,2.0
4951,1.0
4952,1.0
4953,1.0
4954,1.0
4955,1.0
4956,2.0
4957,1.0
4958,2.0
4959,3.0
4960,1.0
4961,1.0
4962,8.0
4963,1.0
4964,1.0
4965,1.0
4966,9.0
4967,4.0
4968,1.0
4969,3.0
4970,4.0
4971,11.0
4972,7.0
4973,6.0
4974,17.0
4975,1.0
4976,28.0
4977,23.0
4978,8.0
4979,2.0
4980,2.0
4981,1.0
4982,4.0
4983,2.0
4984,4.0
4985,6.0
4986,3.0
4987,4.0
4988,1.0
4989,1.0
4990,1.0
4991,1.0
4992,2.0
4993,4.0
4994,61.0
4995,19.0
4996,17.0
4997,1.0
4998,2.0
4999,1.0
5000,11.0
5001,21.0
5002,7.0
5003,1.0
5004,2.0
5005,1.0
5006,3.0
5007,14.0
5008,23.0
5009,7.0
5010,8.0
5011,1.0
5012,10.0
5013,72.0
5014,61.0
5015,36.0
5016,31.0
5017,2.0
5018,4.0
5019,2.0
5020,17.0
5021,19.0
5022,6.0
5023,5.0
5024,1.0
5025,1.0
5026,3.0
5027,3.0
5028,8.0
5029,2.0
5030,1.0
5031,8.0
5032,8.0
5033,11.0
5034,1.0
5035,1.0
5036,11.0
5037,88.0
5038,114.0
5039,37.0
5040,53.0
5041,2.0
5042,2.0
5043,1.0
5044,1.0
5045,1.0
5046,1.0
5047,1.0
5048,1.0
5049,5.0
5050,5.0
5051,18.0
5052,12.0
5053,2.0
5054,8.0
5055,1.0
5056,2.0
5057,1.0
5058,1.0
5059,1.0
5060,1.0
5061,1.0
5062,1.0
5063,5.0
5064,3.0
5065,5.0
5066,9.0
5067,4.0
5068,1.0
5069,1.0
5070,1.0
5071,5.0
5072,1.0
5073,1.0
5074,2.0
5075,2.0
5076,12.0
5077,7.0
5078,6.0
5079,2.0
5080,9.0
5081,1.0
5082,1.0
5083,3.0
5084,1.0
5085,1.0
5086,1.0
5087,1.0
5088,3.0
5089,13.0
5090,6.0
5091,8.0
5092,1.0
5093,2.0
5094,2.0
5095,1.0
5096,10.0
5097,2.0
5098,1.0
5099,3.0
5100,20.0
5101,1.0
5102,42.0
5103,73.0
5104,38.0
5105,18.0
5106,5.0
5107,31.0
5108,6.0
5109,2.0
5110,2.0
5111,1.0
5112,1.0
5113,2.0
5114,1.0
5115,14.0
5116,18.0
5117,6.0
5118,4.0
5119,4.0
5120,17.0
5121,22.0
5122,11.0
5123,5.0
5124,2.0
5125,26.0
5126,72.0
5127,15.0
5128,4.0
5129,1.0
5130,4.0
5131,13.0
5132,18.0
5133,5.0
5134,2.0
5135,3.0
5136,1.0
5137,2.0
5138,1.0
5139,3.0
5140,19.0
5141,15.0
5142,1.0
5143,5.0
5144,9.0
5145,9.0
5146,1.0
5147,1.0
5148,3.0
5149,8.0
5150,4.0
5151,1.0
5152,5.0
5153,1.0
5154,1.0
5155,1.0
5156,5.0
5157,3.0
5158,1.0
5159,2.0
5160,2.0
5161,2.0
5162,2.0
5163,1.0
5164,1.0
5165,1.0
5166,3.0
5167,2.0
5168,1.0
5169,12.0
5170,1.0
5171,20.0
5172,147.0
5173,148.0
5174,46.0
5175,50.0
5176,3.0
5177,2.0
5178,1.0
5179,1.0
5180,1.0
5181,2.0
5182,1.0
5183,1.0
5184,1.0
5185,1.0
5186,1.0
5187,1.0
5188,1.0
5189,1.0
5190,4.0
5191,3.0
5192,1.0
5193,5.0
5194,2.0
5195,1.0
5196,1.0
5197,1.0
5198,1.0
5199,3.0
5200,2.0
5201,4.0
5202,1.0
5203,2.0
5204,2.0
5205,2.0
5206,3.0
5207,7.0
5208,7.0
5209,4.0
5210,4.0
5211,4.0
5212,7.0
5213,5.0
5214,5.0
5215,3.0
5216,6.0
5217,2.0
5218,3.0
5219,1.0
5220,2.0
5221,1.0
5222,5.0
5223,2.0
5224,3.0
5225,3.0
5226,6.0
5227,6.0
5228,12.0
5229,21.0
5230,16.0
5231,11.0
5232,5.0
5233,9.0
5234,3.0
5235,6.0
5236,1.0
5237,3.0
5238,2.0
5239,3.0
5240,1.0
5241,1.0
5242,4.0
5243,4.0
5244,1.0
5245,1.0
5246,3.0
5247,3.0
5248,1.0
5249,3.0
5250,3.0
5251,4.0
5252,3.0
5253,5.0
5254,2.0
5255,1.0
5256,4.0
5257,3.0
5258,3.0
5259,5.0
5260,1.0
5261,1.0
5262,5.0
5263,81.0
5264,186.0
5265,72.0
5266,5.0
5267,1.0
5268,2.0
5269,5.0
5270,10.0
5271,11.0
5272,2.0
5273,1.0
5274,1.0
5275,1.0
5276,1.0
5277,6.0
5278,4.0
5279,1.0
5280,14.0
5281,8.0
5282,13.0
5283,16.0
5284,8.0
5285,1.0
5286,1.0
5287,1.0
5288,18.0
5289,82.0
5290,86.0
5291,38.0
5292,34.0
5293,3.0
5294,1.0
5295,5.0
5296,1.0
5297,4.0
5298,1.0
5299,2.0
5300,4.0
5301,10.0
5302,2.0
5303,4.0
5304,5.0
5305,4.0
5306,2.0
5307,1.0
5308,1.0
5309,1.0
5310,1.0
5311,1.0
5312,1.0
5313,5.0
5314,1.0
5315,1.0
5316,1.0
5317,4.0
5318,1.0
5319,2.0
5320,1.0
5321,2.0
5322,17.0
5323,20.0
5324,5.0
5325,9.0
5326,2.0
5327,4.0
5328,4.0
5329,1.0
5330,3.0
5331,1.0
5332,1.0
5333,1.0
5334,7.0
5335,1.0
5336,4.0
5337,2.0
5338,2.0
5339,4.0
5340,4.0
5341,4.0
5342,4.0
5343,5.0
5344,2.0
5345,4.0
5346,2.0
5347,2.0
5348,2.0
5349,1.0
5350,3.0
5351,1.0
5352,12.0
5353,16.0
5354,1.0
5355,5.0
5356,1.0
5357,1.0
5358,1.0
5359,1.0
5360,1.0
5361,1.0
5362,1.0
5363,3.0
5364,3.0
5365,3.0
5366,2.0
5367,2.0
5368,9.0
5369,15.0
5370,3.0
5371,6.0
5372,1.0
5373,1.0
5374,12.0
5375,14.0
5376,2.0
5377,3.0
5378,4.0
5379,16.0
5380,4.0
5381,1.0
5382,6.0
5383,17.0
5384,1.0
5385,1.0
5386,1.0
5387,6.0
5388,2.0
5389,2.0
5390,1.0
5391,1.0
5392,2.0
5393,6.0
5394,27.0
5395,28.0
5396,6.0
5397,18.0
5398,1.0
5399,12.0
5400,2.0
5401,2.0
5402,18.0
5403,22.0
5404,8.0
5405,5.0
5406,4.0
5407,2.0
5408,1.0
5409,1.0
5410,1.0
5411,5.0
5412,3.0
5413,8.0
5414,3.0
5415,4.0
5416,14.0
5417,91.0
5418,44.0
5419,6.0
5420,33.0
5421,3.0
5422,1.0
5423,2.0
5424,1.0
5425,3.0
5426,2.0
5427,3.0
5428,1.0
5429,2.0
5430,3.0
5431,2.0
5432,1.0
5433,1.0
5434,1.0
5435,1.0
5436,2.0
5437,1.0
5438,1.0
5439,1.0
5440,1.0
5441,1.0
5442,15.0
5443,15.0
5444,4.0
5445,1.0
5446,12.0
5447,6.0
5448,5.0
5449,4.0
5450,4.0
5451,5.0
5452,5.0
5453,5.0
5454,5.0
5455,1.0
5456,3.0
5457,4.0
5458,1.0
5459,1.0
5460,11.0
5461,2.0
5462,4.0
5463,3.0
5464,1.0
5465,1.0
5466,22.0
5467,15.0
5468,3.0
5469,6.0
5470,1.0
5471,1.0
5472,1.0
5473,2.0
5474,2.0
5475,1.0
5476,1.0
5477,2.0
5478,2.0
5479,3.0
5480,2.0
5481,8.0
5482,11.0
5483,15.0
5484,3.0
5485,5.0
5486,11.0
5487,6.0
5488,5.0
5489,14.0
5490,20.0
5491,3.0
5492,9.0
5493,1.0
5494,1.0
5495,3.0
5496,2.0
5497,1.0
5498,1.0
5499,3.0
5500,1.0
5501,2.0
5502,3.0
5503,16.0
5504,49.0
5505,20.0
5506,11.0
5507,5.0
5508,1.0
5509,15.0
5510,11.0
5511,13.0
5512,4.0
5513,2.0
5514,8.0
5515,9.0
5516,2.0
5517,4.0
5518,2.0
5519,1.0
5520,2.0
5521,3.0
5522,9.0
5523,7.0
5524,2.0
5525,8.0
5526,2.0
5527,3.0
5528,29.0
5529,21.0
5530,4.0
5531,11.0
5532,2.0
5533,1.0
5534,2.0
5535,1.0
5536,1.0
5537,1.0
5538,4.0
5539,8.0
5540,1.0
5541,1.0
5542,3.0
5543,2.0
5544,1.0
5545,2.0
5546,3.0
5547,2.0
5548,9.0
5549,3.0
5550,9.0
5551,1.0
5552,1.0
5553,2.0
5554,3.0
5555,1.0
5556,1.0
5557,1.0
5558,1.0
5559,2.0
5560,2.0
5561,1.0
5562,1.0
5563,24.0
5564,55.0
5565,17.0
5566,3.0
5567,32.0
5568,38.0
5569,13.0
5570,6.0
5571,2.0
5572,1.0
5573,2.0
5574,12.0
5575,9.0
5576,2.0
5577,3.0
5578,2.0
5579,3.0
5580,1.0
5581,2.0
5582,7.0
5583,1.0
5584,1.0
5585,3.0
5586,2.0
5587,3.0
5588,1.0
5589,1.0
5590,3.0
5591,1.0
5592,2.0
5593,1.0
5594,1.0
5595,1.0
5596,3.0
5597,1.0
5598,2.0
5599,13.0
5600,3.0
5601,2.0
5602,3.0
5603,5.0
5604,1.0
5605,2.0
5606,1.0
5607,1.0
5608,1.0
5609,1.0
5610,3.0
5611,1.0
5612,3.0
5613,2.0
5614,6.0
5615,9.0
5616,13.0
5617,21.0
5618,12.0
5619,11.0
5620,8.0
5621,1.0
5622,8.0
5623,12.0
5624,4.0
5625,4.0
5626,1.0
5627,1.0
5628,2.0
5629,1.0
5630,5.0
5631,5.0
5632,2.0
5633,4.0
5634,1.0
5635,4.0
5636,6.0
5637,2.0
5638,2.0
5639,33.0
5640,5.0
5641,21.0
5642,1.0
5643,1.0
5644,5.0
5645,1.0
5646,1.0
5647,1.0
5648,1.0
5649,3.0
5650,2.0
5651,9.0
5652,8.0
5653,6.0
5654,7.0
5655,4.0
5656,3.0
5657,2.0
5658,2.0
5659,2.0
5660,1.0
5661,1.0
5662,3.0
5663,1.0
5664,1.0
5665,2.0
5666,1.0
5667,1.0
5668,5.0
5669,8.0
5670,6.0
5671,7.0
5672,7.0
5673,2.0
5674,23.0
5675,1.0
5676,6.0
5677,5.0
5678,6.0
5679,14.0
5680,1.0
5681,1.0
5682,11.0
5683,1.0
5684,2.0
5685,3.0
5686,2.0
5687,4.0
5688,5.0
5689,2.0
5690,2.0
5691,2.0
5692,1.0
5693,2.0
5694,1.0
5695,4.0
5696,1.0
5697,2.0
5698,2.0
5699,1.0
5700,3.0
5701,4.0
5702,6.0
5703,1.0
5704,11.0
5705,4.0
5706,10.0
5707,10.0
5708,75.0
5709,38.0
5710,8.0
5711,40.0
5712,1.0
5713,1.0
5714,1.0
5715,4.0
5716,1.0
5717,26.0
5718,25.0
5719,6.0
5720,10.0
5721,1.0
5722,2.0
5723,2.0
5724,1.0
5725,1.0
5726,1.0
5727,1.0
5728,11.0
5729,6.0
5730,32.0
5731,29.0
5732,11.0
5733,28.0
5734,3.0
5735,3.0
5736,5.0
5737,1.0
5738,2.0
5739,1.0
5740,2.0
5741,5.0
5742,1.0
5743,1.0
5744,1.0
5745,1.0
5746,8.0
5747,5.0
5748,2.0
5749,3.0
5750,11.0
5751,2.0
5752,1.0
5753,2.0
5754,1.0
5755,1.0
5756,2.0
5757,3.0
5758,4.0
5759,1.0
5760,6.0
5761,4.0
5762,1.0
5763,1.0
5764,2.0
5765,1.0
5766,1.0
5767,1.0
5768,1.0
5769,2.0
5770,2.0
5771,2.0
5772,1.0
5773,21.0
5774,26.0
5775,10.0
5776,8.0
5777,1.0
5778,13.0
5779,24.0
5780,35.0
5781,26.0
5782,16.0
5783,1.0
5784,1.0
5785,1.0
5786,1.0
5787,1.0
5788,1.0
5789,1.0
5790,20.0
5791,4.0
5792,14.0
5793,2.0
5794,3.0
5795,2.0
5796,7.0
5797,4.0
5798,2.0
5799,4.0
5800,1.0
5801,2.0
5802,1.0
5803,1.0
5804,1.0
5805,1.0
5806,3.0
5807,4.0
5808,2.0
5809,1.0
5810,123.0
5811,10.0
5812,52.0
5813,4.0
5814,13.0
5815,2.0
5816,2.0
5817,1.0
5818,1.0
5819,1.0
5820,3.0
5821,2.0
5822,2.0
5823,3.0
5824,1.0
5825,114.0
5826,136.0
5827,43.0
5828,24.0
5829,2.0
5830,11.0
5831,15.0
5832,9.0
5833,1.0
5834,1.0
5835,1.0
5836,1.0
5837,1.0
5838,4.0
5839,1.0
5840,1.0
5841,1.0
5842,1.0
5843,1.0
5844,2.0
5845,1.0
5846,7.0
5847,21.0
5848,13.0
5849,2.0
5850,1.0
5851,1.0
5852,1.0
5853,2.0
5854,1.0
5855,1.0
5856,11.0
5857,15.0
5858,15.0
5859,6.0
5860,3.0
5861,2.0
5862,1.0
5863,1.0
5864,3.0
5865,1.0
5866,5.0
5867,4.0
5868,8.0
5869,3.0
5870,5.0
5871,4.0
5872,3.0
5873,5.0
5874,1.0
5875,2.0
5876,5.0
5877,49.0
5878,36.0
5879,18.0
5880,23.0
5881,4.0
5882,3.0
5883,16.0
5884,7.0
5885,8.0
5886,5.0
5887,5.0
5888,6.0
5889,3.0
5890,12.0
5891,6.0
5892,5.0
5893,2.0
5894,1.0
5895,1.0
5896,1.0
5897,2.0
5898,1.0
5899,1.0
5900,8.0
5901,9.0
5902,2.0
5903,2.0
5904,1.0
5905,1.0
5906,1.0
5907,3.0
5908,1.0
5909,1.0
5910,1.0
5911,3.0
5912,3.0
5913,3.0
5914,1.0
5915,1.0
5916,3.0
5917,22.0
5918,25.0
5919,6.0
5920,15.0
5921,3.0
5922,1.0
5923,1.0
5924,1.0
5925,2.0
5926,1.0
5927,19.0
5928,260.0
5929,327.0
5930,85.0
5931,95.0
5932,1.0
5933,1.0
5934,1.0
5935,1.0
5936,1.0
5937,3.0
5938,2.0
5939,1.0
5940,3.0
5941,28.0
5942,17.0
5943,8.0
5944,10.0
5945,1.0
5946,1.0
5947,1.0
5948,4.0
5949,1.0
5950,1.0
5951,1.0
5952,3.0
5953,2.0
5954,1.0
5955,7.0
5956,2.0
5957,6.0
5958,1.0
5959,4.0
5960,1.0
5961,78.0
5962,106.0
5963,28.0
5964,37.0
5965,12.0
5966,5.0
5967,5.0
5968,3.0
5969,2.0
5970,1.0
5971,2.0
5972,2.0
5973,2.0
5974,2.0
5975,2.0
5976,1.0
5977,1.0
5978,4.0
5979,4.0
5980,16.0
5981,5.0
5982,133.0
5983,145.0
5984,42.0
5985,56.0
5986,2.0
5987,4.0
5988,5.0
5989,2.0
5990,2.0
5991,1.0
5992,29.0
5993,2.0
5994,13.0
5995,5.0
5996,1.0
5997,2.0
5998,1.0
5999,1.0
6000,2.0
6001,1.0
6002,5.0
6003,5.0
6004,1.0
6005,1.0
6006,16.0
6007,10.0
6008,2.0
6009,3.0
6010,18.0
6011,19.0
6012,5.0
6013,5.0
6014,7.0
6015,5.0
6016,1.0
6017,1.0
6018,1.0
6019,1.0
6020,2.0
6021,1.0
6022,2.0
6023,2.0
6024,3.0
6025,9.0
6026,7.0
6027,3.0
6028,3.0
6029,5.0
6030,1.0
6031,2.0
6032,2.0
6033,2.0
6034,4.0
6035,3.0
6036,2.0
6037,2.0
6038,1.0
6039,1.0
6040,2.0
6041,2.0
6042,1.0
6043,1.0
6044,1.0
6045,1.0
6046,2.0
6047,3.0
6048,3.0
6049,18.0
6050,21.0
6051,1.0
6052,6.0
6053,41.0
6054,18.0
6055,3.0
6056,7.0
6057,1.0
6058,1.0
6059,2.0
6060,19.0
6061,31.0
6062,3.0
6063,2.0
6064,1.0
6065,1.0
6066,1.0
6067,2.0
6068,2.0
6069,3.0
6070,1.0
6071,2.0
6072,1.0
6073,1.0
6074,1.0
6075,3.0
6076,5.0
6077,1.0
6078,4.0
6079,5.0
6080,1.0
6081,4.0
6082,2.0
6083,2.0
6084,8.0
6085,1.0
6086,1.0
6087,3.0
6088,2.0
6089,2.0
6090,24.0
6091,16.0
6092,3.0
6093,13.0
6094,10.0
6095,2.0
6096,16.0
6097,5.0
6098,2.0
6099,6.0
6100,6.0
6101,8.0
6102,4.0
6103,3.0
6104,1.0
6105,3.0
6106,5.0
6107,9.0
6108,9.0
6109,3.0
6110,3.0
6111,2.0
6112,1.0
6113,1.0
6114,2.0
6115,2.0
6116,10.0
6117,89.0
6118,84.0
6119,32.0
6120,27.0
6121,1.0
6122,1.0
6123,2.0
6124,2.0
6125,1.0
6126,1.0
6127,1.0
6128,2.0
6129,1.0
6130,3.0
6131,6.0
6132,6.0
6133,3.0
6134,2.0
6135,2.0
6136,7.0
6137,8.0
6138,5.0
6139,1.0
6140,2.0
6141,2.0
6142,1.0
6143,12.0
6144,16.0
6145,3.0
6146,2.0
6147,1.0
6148,14.0
6149,13.0
6150,7.0
6151,2.0
6152,2.0
6153,15.0
6154,5.0
6155,1.0
6156,2.0
6157,1.0
6158,15.0
6159,529.0
6160,465.0
6161,49.0
6162,206.0
6163,3.0
6164,2.0
6165,1.0
6166,1.0
6167,2.0
6168,1.0
6169,1.0
6170,3.0
6171,4.0
6172,1.0
6173,6.0
6174,4.0
6175,3.0
6176,11.0
6177,8.0
6178,11.0
6179,5.0
6180,6.0
6181,4.0
6182,2.0
6183,1.0
6184,2.0
6185,17.0
6186,2.0
6187,1.0
6188,1.0
6189,7.0
6190,6.0
6191,7.0
6192,6.0
6193,1.0
6194,1.0
6195,1.0
6196,1.0
6197,1.0
6198,1.0
6199,1.0
6200,9.0
6201,2.0
6202,3.0
6203,10.0
6204,11.0
6205,1.0
6206,7.0
6207,1.0
6208,1.0
6209,1.0
6210,3.0
6211,5.0
6212,1.0
6213,1.0
6214,1.0
6215,3.0
6216,4.0
6217,2.0
6218,3.0
6219,1.0
6220,1.0
6221,1.0
6222,3.0
6223,28.0
6224,29.0
6225,9.0
6226,9.0
6227,13.0
6228,11.0
6229,13.0
6230,14.0
6231,9.0
6232,4.0
6233,5.0
6234,3.0
6235,1.0
6236,3.0
6237,1.0
6238,6.0
6239,3.0
6240,6.0
6241,6.0
6242,10.0
6243,7.0
6244,7.0
6245,10.0
6246,8.0
6247,8.0
6248,4.0
6249,2.0
6250,5.0
6251,3.0
6252,24.0
6253,11.0
6254,6.0
6255,17.0
6256,4.0
6257,3.0
6258,1.0
6259,1.0
6260,24.0
6261,5.0
6262,2.0
6263,1.0
6264,1.0
6265,1.0
6266,2.0
6267,1.0
6268,4.0
6269,3.0
6270,3.0
6271,2.0
6272,1.0
6273,1.0
6274,1.0
6275,1.0
6276,1.0
6277,1.0
6278,2.0
6279,2.0
6280,1.0
6281,1.0
6282,3.0
6283,11.0
6284,9.0
6285,6.0
6286,1.0
6287,1.0
6288,6.0
6289,9.0
6290,4.0
6291,1.0
6292,29.0
6293,2.0
6294,1.0
6295,5.0
6296,2.0
6297,1.0
6298,5.0
6299,3.0
6300,3.0
6301,4.0
6302,4.0
6303,6.0
6304,8.0
6305,5.0
6306,5.0
6307,5.0
6308,5.0
6309,4.0
6310,1.0
6311,2.0
6312,1.0
6313,1.0
6314,1.0
6315,1.0
6316,2.0
6317,3.0
6318,13.0
6319,13.0
6320,4.0
6321,1.0
6322,3.0
6323,4.0
6324,1.0
6325,4.0
6326,36.0
6327,31.0
6328,7.0
6329,16.0
6330,1.0
6331,3.0
6332,8.0
6333,30.0
6334,4.0
6335,5.0
6336,1.0
6337,1.0
6338,128.0
6339,1.0
6340,2.0
6341,2.0
6342,1.0
6343,1.0
6344,3.0
6345,7.0
6346,2.0
6347,3.0
6348,3.0
6349,1.0
6350,3.0
6351,2.0
6352,1.0
6353,1.0
6354,2.0
6355,5.0
6356,12.0
6357,5.0
6358,3.0
6359,3.0
6360,4.0
6361,1.0
6362,1.0
6363,2.0
6364,1.0
6365,17.0
6366,1.0
6367,4.0
6368,1.0
6369,2.0
6370,2.0
6371,1.0
6372,2.0
6373,1.0
6374,1.0
6375,1.0
6376,1.0
6377,3.0
6378,3.0
6379,2.0
6380,9.0
6381,82.0
6382,86.0
6383,42.0
6384,33.0
6385,1.0
6386,1.0
6387,1.0
6388,1.0
6389,2.0
6390,1.0
6391,1.0
6392,9.0
6393,4.0
6394,1.0
6395,3.0
6396,2.0
6397,2.0
6398,2.0
6399,1.0
6400,1.0
6401,1.0
6402,3.0
6403,4.0
6404,5.0
6405,6.0
6406,4.0
6407,2.0
6408,1.0
6409,3.0
6410,2.0
6411,4.0
6412,1.0
6413,1.0
6414,2.0
6415,4.0
6416,5.0
6417,5.0
6418,3.0
6419,3.0
6420,3.0
6421,2.0
6422,1.0
6423,1.0
6424,1.0
6425,1.0
6426,1.0
6427,1.0
6428,17.0
6429,8.0
6430,2.0
6431,8.0
6432,17.0
6433,2.0
6434,3.0
6435,1.0
6436,30.0
6437,4.0
6438,2.0
6439,1.0
6440,11.0
6441,8.0
6442,3.0
6443,5.0
6444,5.0
6445,3.0
6446,11.0
6447,1.0
6448,11.0
6449,21.0
6450,11.0
6451,3.0
6452,1.0
6453,3.0
6454,3.0
6455,1.0
6456,1.0
6457,1.0
6458,2.0
6459,1.0
6460,1.0
6461,3.0
6462,3.0
6463,3.0
6464,3.0
6465,1.0
6466,1.0
6467,2.0
6468,3.0
6469,11.0
6470,4.0
6471,2.0
6472,1.0
6473,1.0
6474,1.0
6475,3.0
6476,2.0
6477,1.0
6478,3.0
6479,4.0
6480,1.0
6481,1.0
6482,1.0
6483,2.0
6484,2.0
6485,1.0
6486,1.0
6487,6.0
6488,8.0
6489,11.0
6490,1.0
6491,4.0
6492,1.0
6493,1.0
6494,6.0
6495,6.0
6496,6.0
6497,3.0
6498,44.0
6499,47.0
6500,13.0
6501,22.0
6502,5.0
6503,98.0
6504,78.0
6505,30.0
6506,40.0
6507,1.0
6508,1.0
6509,1.0
6510,8.0
6511,128.0
6512,74.0
6513,5.0
6514,51.0
6515,1.0
6516,2.0
6517,2.0
6518,5.0
6519,2.0
6520,2.0
6521,22.0
6522,15.0
6523,7.0
6524,13.0
6525,8.0
6526,6.0
6527,5.0
6528,1.0
6529,1.0
6530,13.0
6531,3.0
6532,5.0
6533,1.0
6534,1.0
6535,1.0
6536,1.0
6537,1.0
6538,1.0
6539,1.0
6540,1.0
6541,1.0
6542,1.0
6543,1.0
6544,1.0
6545,1.0
6546,1.0
6547,1.0
6548,1.0
6549,2.0
6550,1.0
6551,6.0
6552,1.0
6553,1.0
6554,1.0
6555,1.0
6556,1.0
6557,1.0
6558,3.0
6559,1.0
6560,2.0
6561,1.0
6562,2.0
6563,1.0
6564,1.0
6565,1.0
6566,2.0
6567,1.0
6568,1.0
6569,1.0
6570,1.0
6571,1.0
6572,2.0
6573,1.0
6574,4.0
6575,2.0
6576,45.0
6577,42.0
6578,14.0
6579,22.0
6580,1.0
6581,2.0
6582,1.0
6583,2.0
6584,6.0
6585,1.0
6586,5.0
6587,1.0
6588,1.0
6589,2.0
6590,14.0
6591,14.0
6592,7.0
6593,1.0
6594,254.0
6595,82.0
6596,12.0
6597,25.0
6598,7.0
6599,3.0
6600,9.0
6601,1.0
6602,2.0
6603,2.0
6604,1.0
6605,1.0
6606,7.0
6607,1.0
6608,3.0
6609,2.0
6610,2.0
6611,39.0
6612,57.0
6613,19.0
6614,10.0
6615,3.0
6616,9.0
6617,4.0
6618,5.0
6619,1.0
6620,2.0
6621,2.0
6622,2.0
6623,1.0
6624,2.0
6625,2.0
6626,1.0
6627,1.0
6628,7.0
6629,58.0
6630,15.0
6631,1.0
6632,4.0
6633,6.0
6634,4.0
6635,1.0
6636,1.0
6637,2.0
6638,1.0
6639,3.0
6640,3.0
6641,4.0
6642,1.0
6643,1.0
6644,1.0
6645,4.0
6646,4.0
6647,2.0
6648,1.0
6649,6.0
6650,1.0
6651,3.0
6652,26.0
6653,3.0
6654,13.0
6655,2.0
6656,1.0
6657,1.0
6658,2.0
6659,4.0
6660,4.0
6661,9.0
6662,1.0
6663,2.0
6664,1.0
6665,1.0
6666,6.0
6667,1.0
6668,2.0
6669,1.0
6670,1.0
6671,1.0
6672,2.0
6673,9.0
6674,3.0
6675,1.0
6676,7.0
6677,1.0
6678,1.0
6679,29.0
6680,36.0
6681,7.0
6682,16.0
6683,1.0
6684,20.0
6685,17.0
6686,10.0
6687,18.0
6688,6.0
6689,32.0
6690,85.0
6691,28.0
6692,39.0
6693,1.0
6694,1.0
6695,1.0
6696,1.0
6697,1.0
6698,3.0
6699,4.0
6700,5.0
6701,13.0
6702,17.0
6703,18.0
6704,17.0
6705,12.0
6706,10.0
6707,14.0
6708,5.0
6709,1.0
6710,3.0
6711,4.0
6712,7.0
6713,1.0
6714,2.0
6715,4.0
6716,5.0
6717,9.0
6718,15.0
6719,11.0
6720,8.0
6721,12.0
6722,9.0
6723,8.0
6724,5.0
6725,1.0
6726,2.0
6727,10.0
6728,311.0
6729,257.0
6730,19.0
6731,83.0
6732,3.0
6733,4.0
6734,1.0
6735,1.0
6736,1.0
6737,1.0
6738,2.0
6739,5.0
6740,2.0
6741,1.0
6742,1.0
6743,1.0
6744,1.0
6745,1.0
6746,1.0
6747,1.0
6748,1.0
6749,1.0
6750,1.0
6751,1.0
6752,2.0
6753,2.0
6754,1.0
6755,7.0
6756,8.0
6757,10.0
6758,4.0
6759,1.0
6760,1.0
6761,3.0
6762,1.0
6763,1.0
6764,10.0
6765,20.0
6766,1.0
6767,1.0
6768,1.0
6769,6.0
6770,2.0
6771,2.0
6772,5.0
6773,9.0
6774,19.0
6775,5.0
6776,2.0
6777,4.0
6778,4.0
6779,1.0
6780,1.0
6781,1.0
6782,1.0
6783,1.0
6784,3.0
6785,2.0
6786,2.0
6787,2.0
6788,5.0
6789,7.0
6790,1.0
6791,1.0
6792,1.0
6793,2.0
6794,2.0
6795,1.0
6796,5.0
6797,4.0
6798,3.0
6799,2.0
6800,1.0
6801,4.0
6802,1.0
6803,1.0
6804,5.0
6805,3.0
6806,2.0
6807,3.0
6808,2.0
6809,9.0
6810,1.0
6811,2.0
6812,1.0
6813,1.0
6814,11.0
6815,11.0
6816,3.0
6817,19.0
6818,2.0
6819,6.0
6820,16.0
6821,9.0
6822,14.0
6823,8.0
6824,1.0
6825,2.0
6826,1.0
6827,1.0
6828,2.0
6829,2.0
6830,3.0
6831,4.0
6832,3.0
6833,4.0
6834,4.0
6835,4.0
6836,6.0
6837,3.0
6838,2.0
6839,6.0
6840,4.0
6841,1.0
6842,1.0
6843,7.0
6844,1.0
6845,1.0
6846,4.0
6847,1.0
6848,5.0
6849,1.0
6850,1.0
6851,5.0
6852,13.0
6853,4.0
6854,2.0
6855,8.0
6856,2.0
6857,1.0
6858,2.0
6859,2.0
6860,20.0
6861,27.0
6862,2.0
6863,11.0
6864,25.0
6865,10.0
6866,7.0
6867,33.0
6868,5.0
6869,1.0
6870,1.0
6871,1.0
6872,9.0
6873,1.0
6874,4.0
6875,3.0
6876,4.0
6877,2.0
6878,4.0
6879,5.0
6880,1.0
6881,1.0
6882,1.0
6883,1.0
6884,1.0
6885,1.0
6886,1.0
6887,1.0
6888,1.0
6889,1.0
6890,1.0
6891,1.0
6892,3.0
6893,1.0
6894,1.0
6895,1.0
6896,3.0
6897,1.0
6898,1.0
6899,1.0
6900,1.0
6901,1.0
6902,3.0
6903,7.0
6904,7.0
6905,10.0
6906,7.0
6907,8.0
6908,4.0
6909,3.0
6910,1.0
6911,1.0
6912,1.0
6913,2.0
6914,2.0
6915,3.0
6916,1.0
6917,2.0
6918,18.0
6919,12.0
6920,10.0
6921,4.0
6922,3.0
6923,1.0
6924,1.0
6925,1.0
6926,1.0
6927,1.0
6928,3.0
6929,1.0
6930,1.0
6931,2.0
6932,2.0
6933,6.0
6934,1.0
6935,2.0
6936,5.0
6937,6.0
6938,6.0
6939,1.0
6940,6.0
6941,2.0
6942,1.0
6943,1.0
6944,1.0
6945,5.0
6946,3.0
6947,1.0
6948,1.0
6949,6.0
6950,4.0
6951,2.0
6952,3.0
6953,1.0
6954,3.0
6955,3.0
6956,1.0
6957,1.0
6958,2.0
6959,1.0
6960,2.0
6961,1.0
6962,1.0
6963,2.0
6964,4.0
6965,1.0
6966,1.0
6967,1.0
6968,1.0
6969,6.0
6970,3.0
6971,2.0
6972,3.0
6973,1.0
6974,1.0
6975,1.0
6976,3.0
6977,2.0
6978,1.0
6979,4.0
6980,1.0
6981,1.0
6982,3.0
6983,3.0
6984,1.0
6985,5.0
6986,3.0
6987,2.0
6988,30.0
6989,14.0
6990,10.0
6991,45.0
6992,6.0
6993,1.0
6994,2.0
6995,5.0
6996,8.0
6997,9.0
6998,8.0
6999,4.0
7000,8.0
7001,2.0
7002,2.0
7003,2.0
7004,22.0
7005,28.0
7006,6.0
7007,9.0
7008,1.0
7009,1.0
7010,3.0
7011,1.0
7012,1.0
7013,2.0
7014,1.0
7015,2.0
7016,1.0
7017,4.0
7018,3.0
7019,1.0
7020,2.0
7021,2.0
7022,2.0
7023,2.0
7024,3.0
7025,5.0
7026,6.0
7027,11.0
7028,12.0
7029,13.0
7030,8.0
7031,8.0
7032,9.0
7033,1.0
7034,2.0
7035,5.0
7036,11.0
7037,3.0
7038,3.0
7039,3.0
7040,1.0
7041,1.0
7042,1.0
7043,5.0
7044,2.0
7045,1.0
7046,1.0
7047,3.0
7048,5.0
7049,2.0
7050,1.0
7051,1.0
7052,11.0
7053,3.0
7054,1.0
7055,1.0
7056,1.0
7057,6.0
7058,3.0
7059,4.0
7060,1.0
7061,1.0
7062,1.0
7063,2.0
7064,1.0
7065,2.0
7066,1.0
7067,7.0
7068,5.0
7069,3.0
7070,1.0
7071,2.0
7072,14.0
7073,131.0
7074,212.0
7075,60.0
7076,74.0
7077,2.0
7078,15.0
7079,1.0
7080,1.0
7081,2.0
7082,3.0
7083,2.0
7084,9.0
7085,6.0
7086,14.0
7087,11.0
7088,14.0
7089,7.0
7090,11.0
7091,6.0
7092,3.0
7093,1.0
7094,1.0
7095,1.0
7096,1.0
7097,1.0
7098,2.0
7099,35.0
7100,19.0
7101,7.0
7102,1.0
7103,1.0
7104,1.0
7105,2.0
7106,1.0
7107,1.0
7108,1.0
7109,2.0
7110,3.0
7111,1.0
7112,1.0
7113,1.0
7114,2.0
7115,5.0
7116,37.0
7117,37.0
7118,13.0
7119,16.0
7120,2.0
7121,7.0
7122,7.0
7123,16.0
7124,29.0
7125,30.0
7126,9.0
7127,26.0
7128,1.0
7129,29.0
7130,18.0
7131,12.0
7132,1.0
7133,2.0
7134,1.0
7135,1.0
7136,1.0
7137,3.0
7138,1.0
7139,1.0
7140,6.0
7141,2.0
7142,3.0
7143,6.0
7144,3.0
7145,4.0
7146,10.0
7147,18.0
7148,1.0
7149,1.0
7150,3.0
7151,10.0
7152,1.0
7153,3.0
7154,2.0
7155,4.0
7156,3.0
7157,4.0
7158,1.0
7159,3.0
7160,2.0
7161,14.0
7162,1.0
7163,2.0
7164,1.0
7165,2.0
7166,2.0
7167,3.0
7168,5.0
7169,3.0
7170,1.0
7171,1.0
7172,2.0
7173,2.0
7174,3.0
7175,2.0
7176,1.0
7177,2.0
7178,3.0
7179,14.0
7180,12.0
7181,8.0
7182,1.0
7183,10.0
7184,6.0
7185,8.0
7186,16.0
7187,8.0
7188,8.0
7189,5.0
7190,1.0
7191,2.0
7192,2.0
7193,2.0
7194,1.0
7195,1.0
7196,1.0
7197,1.0
7198,2.0
7199,1.0
7200,1.0
7201,2.0
7202,4.0
7203,7.0
7204,6.0
7205,1.0
7206,6.0
7207,3.0
7208,1.0
7209,3.0
7210,4.0
7211,4.0
7212,2.0
7213,3.0
7214,5.0
7215,1.0
7216,2.0
7217,2.0
7218,2.0
7219,2.0
7220,11.0
7221,7.0
7222,10.0
7223,8.0
7224,12.0
7225,4.0
7226,4.0
7227,6.0
7228,6.0
7229,1.0
7230,1.0
7231,7.0
7232,16.0
7233,5.0
7234,1.0
7235,20.0
7236,25.0
7237,20.0
7238,2.0
7239,1.0
7240,2.0
7241,2.0
7242,1.0
7243,2.0
7244,5.0
7245,4.0
7246,1.0
7247,2.0
7248,2.0
7249,4.0
7250,1.0
7251,1.0
7252,1.0
7253,1.0
7254,1.0
7255,1.0
7256,4.0
7257,3.0
7258,3.0
7259,1.0
7260,1.0
7261,2.0
7262,12.0
7263,21.0
7264,2.0
7265,1.0
7266,2.0
7267,2.0
7268,38.0
7269,61.0
7270,13.0
7271,19.0
7272,1.0
7273,2.0
7274,3.0
7275,1.0
7276,1.0
7277,10.0
7278,5.0
7279,2.0
7280,7.0
7281,5.0
7282,7.0
7283,3.0
7284,1.0
7285,9.0
7286,4.0
7287,2.0
7288,5.0
7289,1.0
7290,3.0
7291,1.0
7292,2.0
7293,1.0
7294,2.0
7295,29.0
7296,12.0
7297,4.0
7298,3.0
7299,1.0
7300,1.0
7301,2.0
7302,8.0
7303,1.0
7304,4.0
7305,1.0
7306,9.0
7307,2.0
7308,1.0
7309,3.0
7310,1.0
7311,37.0
7312,27.0
7313,23.0
7314,8.0
7315,1.0
7316,3.0
7317,2.0
7318,2.0
7319,6.0
7320,2.0
7321,1.0
7322,3.0
7323,11.0
7324,2.0
7325,1.0
7326,1.0
7327,2.0
7328,1.0
7329,13.0
7330,10.0
7331,4.0
7332,1.0
7333,3.0
7334,1.0
7335,1.0
7336,1.0
7337,1.0
7338,2.0
7339,1.0
7340,1.0
7341,1.0
7342,1.0
7343,12.0
7344,2.0
7345,1.0
7346,2.0
7347,3.0
7348,2.0
7349,9.0
7350,34.0
7351,76.0
7352,13.0
7353,1.0
7354,1.0
7355,1.0
7356,3.0
7357,1.0
7358,1.0
7359,1.0
7360,16.0
7361,18.0
7362,7.0
7363,6.0
7364,1.0
7365,1.0
7366,1.0
7367,3.0
7368,1.0
7369,5.0
7370,3.0
7371,3.0
7372,4.0
7373,2.0
7374,2.0
7375,56.0
7376,34.0
7377,5.0
7378,3.0
7379,6.0
7380,147.0
7381,119.0
7382,43.0
7383,1.0
7384,12.0
7385,10.0
7386,41.0
7387,13.0
7388,52.0
7389,66.0
7390,15.0
7391,27.0
7392,1.0
7393,1.0
7394,2.0
7395,1.0
7396,12.0
7397,6.0
7398,6.0
7399,5.0
7400,3.0
7401,1.0
7402,1.0
7403,1.0
7404,2.0
7405,2.0
7406,2.0
7407,2.0
7408,2.0
7409,1.0
7410,5.0
7411,5.0
7412,20.0
7413,2.0
7414,1.0
7415,1.0
7416,2.0
7417,1.0
7418,1.0
7419,2.0
7420,2.0
7421,3.0
7422,7.0
7423,7.0
7424,19.0
7425,6.0
7426,8.0
7427,1.0
7428,2.0
7429,1.0
7430,2.0
7431,2.0
7432,1.0
7433,5.0
7434,3.0
7435,2.0
7436,3.0
7437,3.0
7438,1.0
7439,1.0
7440,1.0
7441,3.0
7442,3.0
7443,3.0
7444,1.0
7445,1.0
7446,2.0
7447,1.0
7448,3.0
7449,1.0
7450,1.0
7451,1.0
7452,51.0
7453,49.0
7454,20.0
7455,6.0
7456,2.0
7457,1.0
7458,4.0
7459,3.0
7460,7.0
7461,3.0
7462,23.0
7463,24.0
7464,2.0
7465,5.0
7466,1.0
7467,1.0
7468,1.0
7469,2.0
7470,1.0
7471,2.0
7472,10.0
7473,17.0
7474,6.0
7475,3.0
7476,1.0
7477,1.0
7478,1.0
7479,4.0
7480,9.0
7481,1.0
7482,3.0
7483,6.0
7484,2.0
7485,1.0
7486,1.0
7487,1.0
7488,4.0
7489,3.0
7490,1.0
7491,1.0
7492,3.0
7493,3.0
7494,2.0
7495,4.0
7496,2.0
7497,1.0
7498,2.0
7499,1.0
7500,1.0
7501,9.0
7502,8.0
7503,3.0
7504,4.0
7505,2.0
7506,1.0
7507,2.0
7508,1.0
7509,3.0
7510,7.0
7511,3.0
7512,8.0
7513,4.0
7514,3.0
7515,4.0
7516,6.0
7517,3.0
7518,1.0
7519,1.0
7520,1.0
7521,1.0
7522,1.0
7523,1.0
7524,1.0
7525,12.0
7526,3.0
7527,5.0
7528,8.0
7529,2.0
7530,1.0
7531,3.0
7532,2.0
7533,27.0
7534,21.0
7535,2.0
7536,1.0
7537,2.0
7538,27.0
7539,23.0
7540,10.0
7541,15.0
7542,13.0
7543,3.0
7544,7.0
7545,1.0
7546,1.0
7547,2.0
7548,2.0
7549,2.0
7550,1.0
7551,1.0
7552,1.0
7553,2.0
7554,7.0
7555,1.0
7556,1.0
7557,1.0
7558,5.0
7559,1.0
7560,1.0
7561,14.0
7562,11.0
7563,10.0
7564,1.0
7565,14.0
7566,92.0
7567,10.0
7568,3.0
7569,41.0
7570,1.0
7571,1.0
7572,2.0
7573,2.0
7574,16.0
7575,20.0
7576,5.0
7577,10.0
7578,1.0
7579,5.0
7580,4.0
7581,5.0
7582,3.0
7583,1.0
7584,1.0
7585,1.0
7586,1.0
7587,1.0
7588,6.0
7589,5.0
7590,9.0
7591,1.0
7592,2.0
7593,2.0
7594,2.0
7595,1.0
7596,3.0
7597,1.0
7598,1.0
7599,7.0
7600,4.0
7601,1.0
7602,2.0
7603,3.0
7604,1.0
7605,3.0
7606,3.0
7607,6.0
7608,9.0
7609,4.0
7610,3.0
7611,1.0
7612,2.0
7613,3.0
7614,1.0
7615,1.0
7616,1.0
7617,1.0
7618,21.0
7619,203.0
7620,222.0
7621,7.0
7622,121.0
7623,2.0
7624,4.0
7625,4.0
7626,4.0
7627,8.0
7628,9.0
7629,6.0
7630,3.0
7631,11.0
7632,8.0
7633,5.0
7634,3.0
7635,5.0
7636,2.0
7637,1.0
7638,5.0
7639,21.0
7640,14.0
7641,18.0
7642,1.0
7643,1.0
7644,16.0
7645,6.0
7646,1.0
7647,3.0
7648,1.0
7649,1.0
7650,1.0
7651,3.0
7652,6.0
7653,1.0
7654,3.0
7655,2.0
7656,1.0
7657,3.0
7658,1.0
7659,2.0
7660,1.0
7661,1.0
7662,2.0
7663,3.0
7664,2.0
7665,2.0
7666,1.0
7667,1.0
7668,7.0
7669,6.0
7670,1.0
7671,2.0
7672,9.0
7673,14.0
7674,3.0
7675,1.0
7676,1.0
7677,2.0
7678,2.0
7679,1.0
7680,2.0
7681,3.0
7682,7.0
7683,10.0
7684,2.0
7685,1.0
7686,3.0
7687,66.0
7688,65.0
7689,14.0
7690,23.0
7691,2.0
7692,2.0
7693,5.0
7694,4.0
7695,3.0
7696,1.0
7697,1.0
7698,1.0
7699,2.0
7700,2.0
7701,3.0
7702,7.0
7703,1.0
7704,3.0
7705,1.0
7706,1.0
7707,2.0
7708,4.0
7709,3.0
7710,3.0
7711,4.0
7712,5.0
7713,3.0
7714,1.0
7715,223.0
7716,102.0
7717,5.0
7718,16.0
7719,2.0
7720,3.0
7721,7.0
7722,1.0
7723,5.0
7724,5.0
7725,7.0
7726,1.0
7727,2.0
7728,3.0
7729,3.0
7730,2.0
7731,1.0
7732,4.0
7733,6.0
7734,4.0
7735,1.0
7736,9.0
7737,4.0
7738,1.0
7739,1.0
7740,2.0
7741,19.0
7742,162.0
7743,148.0
7744,22.0
7745,66.0
7746,6.0
7747,1.0
7748,2.0
7749,1.0
7750,5.0
7751,4.0
7752,1.0
7753,1.0
7754,1.0
7755,1.0
7756,5.0
7757,1.0
7758,1.0
7759,2.0
7760,1.0
7761,1.0
7762,3.0
7763,3.0
7764,1.0
7765,4.0
7766,3.0
7767,7.0
7768,1.0
7769,1.0
7770,1.0
7771,2.0
7772,1.0
7773,2.0
7774,4.0
7775,2.0
7776,2.0
7777,1.0
7778,2.0
7779,1.0
7780,1.0
7781,2.0
7782,2.0
7783,1.0
7784,1.0
7785,1.0
7786,2.0
7787,4.0
7788,9.0
7789,1.0
7790,1.0
7791,7.0
7792,1.0
7793,5.0
7794,4.0
7795,1.0
7796,1.0
7797,1.0
7798,1.0
7799,4.0
7800,1.0
7801,8.0
7802,29.0
7803,359.0
7804,280.0
7805,43.0
7806,132.0
7807,7.0
7808,1.0
7809,1.0
7810,2.0
7811,3.0
7812,3.0
7813,15.0
7814,8.0
7815,1.0
7816,5.0
7817,42.0
7818,29.0
7819,1.0
7820,8.0
7821,5.0
7822,2.0
7823,1.0
7824,55.0
7825,71.0
7826,29.0
7827,19.0
7828,7.0
7829,1.0
7830,1.0
7831,1.0
7832,2.0
7833,3.0
7834,3.0
7835,2.0
7836,3.0
7837,1.0
7838,1.0
7839,1.0
7840,3.0
7841,6.0
7842,8.0
7843,16.0
7844,12.0
7845,6.0
7846,3.0
7847,4.0
7848,2.0
7849,6.0
7850,5.0
7851,1.0
7852,21.0
7853,11.0
7854,1.0
7855,2.0
7856,1.0
7857,5.0
7858,35.0
7859,4.0
7860,3.0
7861,2.0
7862,4.0
7863,1.0
7864,1.0
7865,1.0
7866,1.0
7867,1.0
7868,1.0
7869,2.0
7870,1.0
7871,3.0
7872,2.0
7873,1.0
7874,1.0
7875,2.0
7876,1.0
7877,1.0
7878,1.0
7879,2.0
7880,3.0
7881,2.0
7882,1.0
7883,1.0
7884,2.0
7885,3.0
7886,1.0
7887,1.0
7888,5.0
7889,1.0
7890,1.0
7891,1.0
7892,1.0
7893,1.0
7894,1.0
7895,4.0
7896,3.0
7897,27.0
7898,33.0
7899,11.0
7900,7.0
7901,5.0
7902,11.0
7903,12.0
7904,1.0
7905,1.0
7906,1.0
7907,1.0
7908,2.0
7909,35.0
7910,17.0
7911,3.0
7912,2.0
7913,3.0
7914,4.0
7915,29.0
7916,39.0
7917,8.0
7918,16.0
7919,1.0
7920,3.0
7921,2.0
7922,2.0
7923,1.0
7924,1.0
7925,2.0
7926,2.0
7927,2.0
7928,1.0
7929,4.0
7930,1.0
7931,4.0
7932,6.0
7933,1.0
7934,35.0
7935,7.0
7936,2.0
7937,1.0
7938,2.0
7939,2.0
7940,1.0
7941,3.0
7942,1.0
7943,1.0
7944,1.0
7945,1.0
7946,1.0
7947,1.0
7948,1.0
7949,1.0
7950,1.0
7951,1.0
7952,2.0
7953,6.0
7954,1.0
7955,2.0
7956,24.0
7957,2.0
7958,1.0
7959,2.0
7960,1.0
7961,4.0
7962,8.0
7963,7.0
7964,6.0
7965,3.0
7966,1.0
7967,3.0
7968,5.0
7969,4.0
7970,7.0
7971,6.0
7972,5.0
7973,6.0
7974,2.0
7975,1.0
7976,1.0
7977,1.0
7978,1.0
7979,1.0
7980,1.0
7981,1.0
7982,4.0
7983,5.0
7984,1.0
7985,2.0
7986,2.0
7987,2.0
7988,4.0
7989,3.0
7990,5.0
7991,2.0
7992,3.0
7993,1.0
7994,1.0
7995,7.0
7996,3.0
7997,2.0
7998,1.0
7999,1.0
8000,92.0
8001,49.0
8002,15.0
8003,13.0
8004,1.0
8005,1.0
8006,1.0
8007,3.0
8008,5.0
8009,2.0
8010,3.0
8011,1.0
8012,3.0
8013,3.0
8014,3.0
8015,5.0
8016,4.0
8017,3.0
8018,3.0
8019,1.0
8020,7.0
8021,4.0
8022,1.0
8023,2.0
8024,1.0
8025,1.0
8026,2.0
8027,1.0
8028,1.0
8029,4.0
8030,3.0
8031,1.0
8032,1.0
8033,5.0
8034,18.0
8035,154.0
8036,4.0
8037,1.0
8038,4.0
8039,1.0
8040,4.0
8041,3.0
8042,2.0
8043,1.0
8044,1.0
8045,1.0
8046,1.0
8047,1.0
8048,1.0
8049,1.0
8050,3.0
8051,5.0
8052,6.0
8053,2.0
8054,2.0
8055,1.0
8056,1.0
8057,3.0
8058,4.0
8059,6.0
8060,1.0
8061,1.0
8062,1.0
8063,2.0
8064,1.0
8065,1.0
8066,1.0
8067,1.0
8068,2.0
8069,2.0
8070,6.0
8071,11.0
8072,9.0
8073,11.0
8074,6.0
8075,15.0
8076,11.0
8077,5.0
8078,4.0
8079,5.0
8080,2.0
8081,3.0
8082,1.0
8083,1.0
8084,7.0
8085,37.0
8086,47.0
8087,33.0
8088,38.0
8089,1.0
8090,1.0
8091,3.0
8092,1.0
8093,2.0
8094,1.0
8095,1.0
8096,1.0
8097,3.0
8098,2.0
8099,5.0
8100,2.0
8101,3.0
8102,1.0
8103,1.0
8104,2.0
8105,1.0
8106,2.0
8107,2.0
8108,1.0
8109,1.0
8110,2.0
8111,2.0
8112,2.0
8113,1.0
8114,2.0
8115,2.0
8116,5.0
8117,3.0
8118,2.0
8119,1.0
8120,1.0
8121,4.0
8122,2.0
8123,3.0
8124,1.0
8125,1.0
8126,3.0
8127,1.0
8128,1.0
8129,8.0
8130,58.0
8131,41.0
8132,20.0
8133,35.0
8134,7.0
8135,3.0
8136,1.0
8137,46.0
8138,100.0
8139,37.0
8140,10.0
8141,11.0
8142,8.0
8143,7.0
8144,1.0
8145,1.0
8146,1.0
8147,2.0
8148,1.0
8149,28.0
8150,30.0
8151,1.0
8152,1.0
8153,2.0
8154,1.0
8155,2.0
8156,1.0
8157,3.0
8158,7.0
8159,6.0
8160,5.0
8161,6.0
8162,1.0
8163,2.0
8164,3.0
8165,3.0
8166,2.0
8167,1.0
8168,1.0
8169,1.0
8170,1.0
8171,1.0
8172,10.0
8173,59.0
8174,30.0
8175,13.0
8176,12.0
8177,1.0
8178,1.0
8179,2.0
8180,1.0
8181,3.0
8182,1.0
8183,1.0
8184,2.0
8185,1.0
8186,1.0
8187,1.0
8188,2.0
8189,2.0
8190,1.0
8191,3.0
8192,1.0
8193,13.0
8194,9.0
8195,35.0
8196,39.0
8197,22.0
8198,21.0
8199,1.0
8200,3.0
8201,2.0
8202,15.0
8203,13.0
8204,1.0
8205,1.0
8206,1.0
8207,12.0
8208,3.0
8209,5.0
8210,3.0
8211,1.0
8212,2.0
8213,4.0
8214,1.0
8215,5.0
8216,1.0
8217,1.0
8218,1.0
8219,1.0
8220,3.0
8221,2.0
8222,1.0
8223,1.0
8224,1.0
8225,2.0
8226,16.0
8227,202.0
8228,153.0
8229,65.0
8230,75.0
8231,16.0
8232,1.0
8233,4.0
8234,2.0
8235,2.0
8236,5.0
8237,5.0
8238,1.0
8239,2.0
8240,2.0
8241,1.0
8242,1.0
8243,5.0
8244,20.0
8245,11.0
8246,13.0
8247,10.0
8248,1.0
8249,1.0
8250,2.0
8251,1.0
8252,1.0
8253,2.0
8254,1.0
8255,6.0
8256,16.0
8257,16.0
8258,1.0
8259,1.0
8260,2.0
8261,1.0
8262,2.0
8263,1.0
8264,3.0
8265,1.0
8266,2.0
8267,3.0
8268,7.0
8269,4.0
8270,4.0
8271,7.0
8272,3.0
8273,3.0
8274,2.0
8275,2.0
8276,1.0
8277,2.0
8278,5.0
8279,2.0
8280,2.0
8281,1.0
8282,11.0
8283,9.0
8284,3.0
8285,8.0
8286,1.0
8287,2.0
8288,1.0
8289,8.0
8290,4.0
8291,1.0
8292,4.0
8293,10.0
8294,40.0
8295,11.0
8296,15.0
8297,34.0
8298,1.0
8299,4.0
8300,4.0
8301,6.0
8302,4.0
8303,1.0
8304,5.0
8305,18.0
8306,7.0
8307,1.0
8308,1.0
8309,3.0
8310,2.0
8311,1.0
8312,1.0
8313,2.0
8314,1.0
8315,2.0
8316,2.0
8317,3.0
8318,4.0
8319,1.0
8320,1.0
8321,2.0
8322,1.0
8323,8.0
8324,107.0
8325,146.0
8326,35.0
8327,52.0
8328,1.0
8329,6.0
8330,15.0
8331,2.0
8332,2.0
8333,3.0
8334,1.0
8335,3.0
8336,1.0
8337,8.0
8338,39.0
8339,50.0
8340,23.0
8341,1.0
8342,8.0
8343,8.0
8344,4.0
8345,2.0
8346,1.0
8347,1.0
8348,15.0
8349,12.0
8350,4.0
8351,3.0
8352,1.0
8353,1.0
8354,1.0
8355,1.0
8356,1.0
8357,1.0
8358,1.0
8359,2.0
8360,2.0
8361,3.0
8362,1.0
8363,1.0
8364,15.0
8365,8.0
8366,3.0
8367,11.0
8368,3.0
8369,2.0
8370,1.0
8371,1.0
8372,2.0
8373,9.0
8374,4.0
8375,4.0
8376,3.0
8377,1.0
8378,6.0
8379,6.0
8380,7.0
8381,4.0
8382,2.0
8383,1.0
8384,2.0
8385,2.0
8386,1.0
8387,1.0
8388,7.0
8389,3.0
8390,2.0
8391,3.0
8392,1.0
8393,6.0
8394,1.0
8395,1.0
8396,1.0
8397,2.0
8398,1.0
8399,1.0
8400,5.0
8401,1.0
8402,1.0
8403,1.0
8404,1.0
8405,1.0
8406,1.0
8407,1.0
8408,1.0
8409,1.0
8410,1.0
8411,2.0
8412,18.0
8413,1.0
8414,1.0
8415,6.0
8416,6.0
8417,10.0
8418,2.0
8419,4.0
8420,5.0
8421,2.0
8422,2.0
8423,2.0
8424,1.0
8425,30.0
8426,23.0
8427,5.0
8428,8.0
8429,2.0
8430,1.0
8431,12.0
8432,14.0
8433,2.0
8434,7.0
8435,1.0
8436,1.0
8437,1.0
8438,1.0
8439,1.0
8440,1.0
8441,1.0
8442,1.0
8443,1.0
8444,10.0
8445,2.0
8446,4.0
8447,3.0
8448,1.0
8449,1.0
8450,3.0
8451,14.0
8452,34.0
8453,9.0
8454,13.0
8455,1.0
8456,2.0
8457,1.0
8458,1.0
8459,1.0
8460,3.0
8461,1.0
8462,1.0
8463,2.0
8464,2.0
8465,1.0
8466,1.0
8467,1.0
8468,1.0
8469,2.0
8470,6.0
8471,2.0
8472,5.0
8473,3.0
8474,1.0
8475,10.0
8476,16.0
8477,8.0
8478,10.0
8479,2.0
8480,9.0
8481,12.0
8482,6.0
8483,4.0
8484,1.0
8485,1.0
8486,1.0
8487,4.0
8488,1.0
8489,1.0
8490,2.0
8491,1.0
8492,1.0
8493,5.0
8494,5.0
8495,1.0
8496,1.0
8497,2.0
8498,4.0
8499,2.0
8500,2.0
8501,1.0
8502,2.0
8503,1.0
8504,2.0
8505,2.0
8506,1.0
8507,1.0
8508,1.0
8509,2.0
8510,1.0
8511,2.0
8512,3.0
8513,2.0
8514,1.0
8515,2.0
8516,3.0
8517,3.0
8518,1.0
8519,1.0
8520,1.0
8521,1.0
8522,11.0
8523,29.0
8524,2.0
8525,9.0
8526,6.0
8527,1.0
8528,1.0
8529,1.0
8530,5.0
8531,6.0
8532,1.0
8533,2.0
8534,1.0
8535,2.0
8536,33.0
8537,20.0
8538,6.0
8539,1.0
8540,1.0
8541,1.0
8542,2.0
8543,1.0
8544,3.0
8545,3.0
8546,4.0
8547,2.0
8548,1.0
8549,1.0
8550,5.0
8551,11.0
8552,19.0
8553,19.0
8554,8.0
8555,15.0
8556,3.0
8557,7.0
8558,8.0
8559,1.0
8560,22.0
8561,1.0
8562,1.0
8563,1.0
8564,26.0
8565,62.0
8566,1.0
8567,1.0
8568,2.0
8569,11.0
8570,23.0
8571,3.0
8572,1.0
8573,1.0
8574,1.0
8575,1.0
8576,1.0
8577,1.0
8578,11.0
8579,15.0
8580,1.0
8581,20.0
8582,2.0
8583,1.0
8584,2.0
8585,2.0
8586,9.0
8587,1.0
8588,2.0
8589,1.0
8590,1.0
8591,1.0
8592,2.0
8593,1.0
8594,1.0
8595,2.0
8596,1.0
8597,1.0
8598,4.0
8599,3.0
8600,9.0
8601,12.0
8602,9.0
8603,5.0
8604,6.0
8605,4.0
8606,8.0
8607,8.0
8608,12.0
8609,1.0
8610,1.0
8611,3.0
8612,1.0
8613,2.0
8614,2.0
8615,1.0
8616,1.0
8617,1.0
8618,1.0
8619,3.0
8620,7.0
8621,1.0
8622,2.0
8623,1.0
8624,1.0
8625,1.0
8626,5.0
8627,42.0
8628,37.0
8629,6.0
8630,4.0
8631,2.0
8632,2.0
8633,1.0
8634,9.0
8635,9.0
8636,1.0
8637,1.0
8638,1.0
8639,3.0
8640,101.0
8641,2.0
8642,3.0
8643,1.0
8644,1.0
8645,1.0
8646,1.0
8647,2.0
8648,4.0
8649,1.0
8650,5.0
8651,4.0
8652,1.0
8653,1.0
8654,7.0
8655,1.0
8656,8.0
8657,166.0
8658,72.0
8659,6.0
8660,19.0
8661,3.0
8662,1.0
8663,2.0
8664,21.0
8665,30.0
8666,35.0
8667,4.0
8668,54.0
8669,62.0
8670,20.0
8671,14.0
8672,1.0
8673,3.0
8674,1.0
8675,2.0
8676,1.0
8677,3.0
8678,12.0
8679,16.0
8680,13.0
8681,21.0
8682,22.0
8683,10.0
8684,33.0
8685,15.0
8686,7.0
8687,15.0
8688,10.0
8689,6.0
8690,6.0
8691,4.0
8692,1.0
8693,2.0
8694,4.0
8695,7.0
8696,5.0
8697,3.0
8698,2.0
8699,1.0
8700,1.0
8701,1.0
8702,1.0
8703,1.0
8704,8.0
8705,3.0
8706,1.0
8707,1.0
8708,3.0
8709,6.0
8710,1.0
8711,3.0
8712,1.0
8713,2.0
8714,3.0
8715,1.0
8716,1.0
8717,6.0
8718,4.0
8719,3.0
8720,1.0
8721,2.0
8722,1.0
8723,1.0
8724,3.0
8725,2.0
8726,7.0
8727,8.0
8728,1.0
8729,1.0
8730,3.0
8731,5.0
8732,2.0
8733,3.0
8734,4.0
8735,4.0
8736,3.0
8737,2.0
8738,1.0
8739,1.0
8740,2.0
8741,2.0
8742,16.0
8743,5.0
8744,4.0
8745,7.0
8746,1.0
8747,1.0
8748,1.0
8749,1.0
8750,1.0
8751,1.0
8752,3.0
8753,4.0
8754,1.0
8755,1.0
8756,1.0
8757,3.0
8758,1.0
8759,15.0
8760,9.0
8761,12.0
8762,1.0
8763,5.0
8764,2.0
8765,1.0
8766,5.0
8767,4.0
8768,1.0
8769,2.0
8770,1.0
8771,1.0
8772,41.0
8773,1.0
8774,1.0
8775,4.0
8776,1.0
8777,29.0
8778,15.0
8779,7.0
8780,2.0
8781,1.0
8782,1.0
8783,18.0
8784,14.0
8785,1.0
8786,1.0
8787,23.0
8788,36.0
8789,27.0
8790,1.0
8791,5.0
8792,5.0
8793,5.0
8794,3.0
8795,4.0
8796,3.0
8797,13.0
8798,9.0
8799,2.0
8800,1.0
8801,3.0
8802,9.0
8803,7.0
8804,1.0
8805,4.0
8806,1.0
8807,1.0
8808,1.0
8809,1.0
8810,3.0
8811,3.0
8812,1.0
8813,2.0
8814,2.0
8815,4.0
8816,4.0
8817,15.0
8818,7.0
8819,8.0
8820,6.0
8821,3.0
8822,3.0
8823,2.0
8824,1.0
8825,1.0
8826,2.0
8827,14.0
8828,150.0
8829,190.0
8830,63.0
8831,59.0
8832,1.0
8833,1.0
8834,1.0
8835,61.0
8836,73.0
8837,25.0
8838,26.0
8839,1.0
8840,3.0
8841,15.0
8842,12.0
8843,15.0
8844,15.0
8845,4.0
8846,1.0
8847,1.0
8848,2.0
8849,1.0
8850,1.0
8851,3.0
8852,5.0
8853,1.0
8854,2.0
8855,28.0
8856,28.0
8857,6.0
8858,12.0
8859,1.0
8860,5.0
8861,4.0
8862,5.0
8863,1.0
8864,4.0
8865,2.0
8866,1.0
8867,1.0
8868,2.0
8869,9.0
8870,7.0
8871,6.0
8872,88.0
8873,97.0
8874,36.0
8875,33.0
8876,2.0
8877,4.0
8878,7.0
8879,3.0
8880,2.0
8881,3.0
8882,1.0
8883,4.0
8884,1.0
8885,19.0
8886,306.0
8887,544.0
8888,255.0
8889,78.0
8890,6.0
8891,7.0
8892,4.0
8893,2.0
8894,1.0
8895,3.0
8896,1.0
8897,1.0
8898,2.0
8899,1.0
8900,1.0
8901,1.0
8902,3.0
8903,18.0
8904,22.0
8905,3.0
8906,4.0
8907,1.0
8908,3.0
8909,1.0
8910,1.0
8911,3.0
8912,12.0
8913,25.0
8914,1.0
8915,2.0
8916,4.0
8917,3.0
8918,2.0
8919,1.0
8920,3.0
8921,4.0
8922,1.0
8923,2.0
8924,3.0
8925,9.0
8926,10.0
8927,7.0
8928,3.0
8929,3.0
8930,2.0
8931,9.0
8932,6.0
8933,1.0
8934,11.0
8935,3.0
8936,4.0
8937,2.0
8938,1.0
8939,1.0
8940,1.0
8941,1.0
8942,58.0
8943,45.0
8944,7.0
8945,7.0
8946,1.0
8947,5.0
8948,3.0
8949,1.0
8950,1.0
8951,1.0
8952,2.0
8953,1.0
8954,1.0
8955,1.0
8956,1.0
8957,1.0
8958,1.0
8959,2.0
8960,3.0
8961,5.0
8962,6.0
8963,8.0
8964,6.0
8965,4.0
8966,6.0
8967,5.0
8968,1.0
8969,2.0
8970,1.0
8971,21.0
8972,22.0
8973,7.0
8974,8.0
8975,1.0
8976,1.0
8977,1.0
8978,1.0
8979,12.0
8980,6.0
8981,1.0
8982,2.0
8983,4.0
8984,1.0
8985,1.0
8986,2.0
8987,2.0
8988,1.0
8989,1.0
8990,1.0
8991,2.0
8992,1.0
8993,1.0
8994,1.0
8995,3.0
8996,1.0
8997,2.0
8998,2.0
8999,1.0
9000,4.0
9001,1.0
9002,3.0
9003,1.0
9004,4.0
9005,5.0
9006,4.0
9007,4.0
9008,6.0
9009,6.0
9010,4.0
9011,3.0
9012,6.0
9013,4.0
9014,1.0
9015,16.0
9016,25.0
9017,11.0
9018,21.0
9019,3.0
9020,1.0
9021,22.0
9022,12.0
9023,20.0
9024,2.0
9025,2.0
9026,3.0
9027,2.0
9028,5.0
9029,2.0
9030,1.0
9031,3.0
9032,2.0
9033,1.0
9034,8.0
9035,5.0
9036,1.0
9037,11.0
9038,1.0
9039,3.0
9040,1.0
9041,2.0
9042,2.0
9043,2.0
9044,1.0
9045,1.0
9046,1.0
9047,1.0
9048,3.0
9049,2.0
9050,2.0
9051,3.0
9052,3.0
9053,4.0
9054,1.0
9055,1.0
9056,1.0
9057,4.0
9058,4.0
9059,4.0
9060,7.0
9061,8.0
9062,3.0
9063,2.0
9064,2.0
9065,6.0
9066,4.0
9067,3.0
9068,3.0
9069,19.0
9070,5.0
9071,8.0
9072,1.0
9073,1.0
9074,2.0
9075,1.0
9076,2.0
9077,2.0
9078,2.0
9079,2.0
9080,123.0
9081,124.0
9082,22.0
9083,24.0
9084,2.0
9085,9.0
9086,29.0
9087,5.0
9088,1.0
9089,1.0
9090,1.0
9091,5.0
9092,1.0
9093,2.0
9094,3.0
9095,3.0
9096,3.0
9097,1.0
9098,1.0
9099,1.0
9100,9.0
9101,11.0
9102,1.0
9103,1.0
9104,53.0
9105,74.0
9106,15.0
9107,27.0
9108,1.0
9109,40.0
9110,21.0
9111,1.0
9112,1.0
9113,23.0
9114,17.0
9115,5.0
9116,6.0
9117,1.0
9118,1.0
9119,3.0
9120,6.0
9121,9.0
9122,6.0
9123,8.0
9124,3.0
9125,6.0
9126,1.0
9127,1.0
9128,1.0
9129,12.0
9130,5.0
9131,6.0
9132,5.0
9133,1.0
9134,3.0
9135,1.0
9136,6.0
9137,4.0
9138,34.0
9139,20.0
9140,7.0
9141,7.0
9142,34.0
9143,24.0
9144,17.0
9145,15.0
9146,1.0
9147,2.0
9148,2.0
9149,1.0
9150,8.0
9151,1.0
9152,1.0
9153,1.0
9154,3.0
9155,2.0
9156,1.0
9157,2.0
9158,1.0
9159,4.0
9160,2.0
9161,1.0
9162,1.0
9163,5.0
9164,1.0
9165,2.0
9166,1.0
9167,2.0
9168,6.0
9169,4.0
9170,3.0
9171,2.0
9172,1.0
9173,1.0
9174,29.0
9175,27.0
9176,1.0
9177,1.0
9178,3.0
9179,2.0
9180,36.0
9181,1.0
9182,1.0
9183,2.0
9184,3.0
9185,14.0
9186,14.0
9187,1.0
9188,3.0
9189,1.0
9190,39.0
9191,280.0
9192,168.0
9193,21.0
9194,114.0
9195,6.0
9196,1.0
9197,1.0
9198,1.0
9199,1.0
9200,2.0
9201,2.0
9202,1.0
9203,1.0
9204,1.0
9205,1.0
9206,1.0
9207,1.0
9208,2.0
9209,1.0
9210,5.0
9211,1.0
9212,3.0
9213,2.0
9214,1.0
9215,2.0
9216,2.0
9217,3.0
9218,7.0
9219,1.0
9220,1.0
9221,2.0
9222,5.0
